ticker,curated_date,effective_T,anchored,date_shift_days,dpi5,dpi10,next_day_ret,m1_ret,looks_reaction,has_data,dpi5_pct,dpi10_pct
AAPL,2023-08-03,2023-08-03,0,0,0.5405067580506056,0.5139891156507701,-0.048020255587335914,-0.007606690792871462,1,1,1.0,1.0
AAPL,2023-11-02,2023-11-02,0,0,0.39234265350915287,0.4206552967833124,-0.0051812434496977255,0.06819589141369575,0,1,0.2727272727272727,0.36363636363636365
AAPL,2024-02-01,2024-02-01,0,0,0.4755866968843014,0.47849263863525787,-0.005405074625953521,-0.06173908296735875,0,1,0.8181818181818182,0.8181818181818182
AAPL,2024-05-02,2024-05-02,0,0,0.46337242788399663,0.4603993737377222,0.05981617660157412,0.12288725118196364,1,1,0.6363636363636364,0.6363636363636364
AAPL,2024-08-01,2024-08-01,0,0,0.3697114705745102,0.3953399764711504,0.006869406976909742,0.04994078607837782,0,1,0.18181818181818182,0.18181818181818182
AAPL,2024-10-31,2024-10-31,0,0,0.42318902214731624,0.49325779092681976,-0.013279615577432402,0.06172195467611985,0,1,0.36363636363636365,0.9090909090909091
AAPL,2025-01-30,2025-01-30,0,0,0.45370666396789544,0.4310794806502581,-0.0066921551124439205,0.002953493529247009,0,1,0.5454545454545454,0.45454545454545453
AAPL,2025-05-01,2025-05-01,0,0,0.4721403594810309,0.4193047419620125,-0.03736159509184811,-0.05323226425324268,0,1,0.7272727272727273,0.2727272727272727
AAPL,2025-07-31,2025-07-31,0,0,0.4406587679345332,0.4441687605300183,-0.025003627425670194,0.11963891948030181,0,1,0.45454545454545453,0.5454545454545454
AAPL,2025-10-30,2025-10-30,0,0,0.48169003960994033,0.46265100985880697,-0.0037951562818203666,0.04412105980212777,0,1,0.9090909090909091,0.7272727272727273
AAPL,2026-01-29,2026-01-29,0,0,0.34218168493331913,0.31404696168493346,0.004646276870277299,0.025893197898012588,0,1,0.09090909090909091,0.09090909090909091
ADBE,2023-09-14,2023-09-14,0,0,0.39114283069552636,0.44970023727896713,-0.04214350845384929,-0.006157569444129707,1,1,0.3,0.8
ADBE,2023-12-13,2023-12-13,0,0,0.46097080074064056,0.4382661305642689,-0.06346713628518763,-0.042578439550890135,1,1,0.7,0.6
ADBE,2024-03-14,2024-03-14,0,0,0.3768278412957722,0.38152504165197143,-0.13671666067674393,-0.17591375923592056,1,1,0.2,0.3
ADBE,2024-06-13,2024-06-13,0,0,0.4391897302793515,0.40264355360808757,0.14511489894353313,0.234991476844852,1,1,0.5,0.4
ADBE,2024-09-12,2024-09-12,0,0,0.5140276762536681,0.49044426922938733,-0.0846986509414378,-0.15536608347420167,1,1,1.0,1.0
ADBE,2024-12-11,2024-12-11,0,0,0.4051968323963358,0.36549908961942934,-0.13692649754668484,-0.2495226720641932,1,1,0.4,0.1
ADBE,2025-03-12,2025-03-12,0,0,0.3059881098676459,0.37542508325924123,-0.13853171208411885,-0.20189242379911831,1,1,0.1,0.2
ADBE,2025-06-12,2025-06-12,0,0,0.4750393161203988,0.4314150061620956,-0.053181203803690735,-0.11965770855830404,1,1,0.8,0.5
ADBE,2025-09-11,2025-09-11,0,0,0.44938921398732684,0.4387529911884613,-0.0033946726083158296,-0.0371986263911811,0,1,0.6,0.7
ADBE,2025-12-10,2025-12-10,0,0,0.4858644972940859,0.4817804107020166,0.021274699644707296,-0.04511412807403692,0,1,0.9,0.9
AMAT,2023-08-17,2023-08-17,0,0,0.5269434871647874,0.5201057238171474,0.03684876010185811,0.0216895938571382,0,1,0.8,0.6
AMAT,2023-11-16,2023-11-16,0,0,0.480727225365282,0.42641382020568813,-0.040178104352821986,0.03807613028731538,1,1,0.6,0.3
AMAT,2024-02-15,2024-02-15,0,0,0.4793206576907978,0.5310834603840069,0.06346591141979019,0.07145987568429324,1,1,0.5,0.8
AMAT,2024-05-16,2024-05-16,0,0,0.5595721813131463,0.5317162967532889,-0.009110769121270956,0.1367696049630005,0,1,0.9,0.9
AMAT,2024-08-15,2024-08-15,0,0,0.4247915453983418,0.4500643614828038,-0.01855248350400418,-0.11278152917244466,0,1,0.4,0.4
AMAT,2024-11-14,2024-11-14,0,0,0.3611510688631818,0.3595768293957308,-0.09204304749430114,-0.08705155703180201,1,1,0.1,0.1
AMAT,2025-02-13,2025-02-13,0,0,0.6233744965619781,0.579226710830384,-0.08178228210137561,-0.15440351655177098,1,1,1.0,1.0
AMAT,2025-05-15,2025-05-15,0,0,0.42378719165904155,0.5178927876908366,-0.052532205135162324,0.013173318453151506,0,1,0.3,0.5
AMAT,2025-08-14,2025-08-14,0,0,0.488102095078245,0.5229391738342879,-0.14067152034457076,-0.08935458147030806,1,1,0.7,0.7
AMAT,2025-11-13,2025-11-13,0,0,0.3984893764326929,0.3978009175857083,0.012453477373046251,0.1727013426378472,0,1,0.2,0.2
AMD,2023-08-01,2023-08-01,0,0,0.46543326896610615,0.4730418954977803,-0.07015306213473704,-0.09362246835958354,1,1,0.8,0.7
AMD,2023-10-31,2023-10-31,0,0,0.4530051540920795,0.47146456861870795,0.09685280117286643,0.23005079860009525,1,1,0.7,0.6
AMD,2024-01-30,2024-01-30,0,0,0.4813014110961952,0.49248415325030637,-0.02539808891778772,0.11897013548272439,0,1,0.9,0.9
AMD,2024-04-30,2024-04-30,0,0,0.4196530523654968,0.38231763029939925,-0.0890895326136133,0.05284754930636959,1,1,0.3,0.1
AMD,2024-07-30,2024-07-30,0,0,0.4407149794746125,0.493543660433578,0.04362895969096203,0.057208884926865045,0,1,0.5,1.0
AMD,2024-10-29,2024-10-29,0,0,0.4830161812373145,0.47991578837554777,-0.10616537682095861,-0.18051124515390038,1,1,1.0,0.8
AMD,2025-02-04,2025-02-04,0,0,0.3661002799226168,0.4617213260041716,-0.06267780639137688,-0.17280336004919583,1,1,0.1,0.5
AMD,2025-05-06,2025-05-06,0,0,0.39467739902666454,0.392448274948547,0.01764345787173327,0.17308861508235784,0,1,0.2,0.2
AMD,2025-08-05,2025-08-05,0,0,0.4364856987549107,0.42319170368079606,-0.06419598759758327,-0.07182608254154998,1,1,0.4,0.3
AMD,2025-11-04,2025-11-04,0,0,0.4439754365445191,0.4278881720528287,0.0251149107932942,-0.13625277707821748,0,1,0.6,0.4
AMZN,2023-08-03,2023-08-03,0,0,0.3869449641764738,0.36121534307708986,0.08269337801006271,0.07144512600603714,1,1,0.7,0.4
AMZN,2023-10-26,2023-10-26,0,0,0.3996935024313399,0.41224262520269733,0.06832816082460003,0.23551054699830187,1,1,1.0,0.8
AMZN,2024-02-01,2024-02-01,0,0,0.3953137793106849,0.3867072131209246,0.07866649218561839,0.11489203410350868,1,1,0.9,0.7
AMZN,2024-04-30,2024-04-30,0,0,0.317434944432958,0.3044592880010663,0.02285714285714291,0.024685756138392856,0,1,0.1,0.1
AMZN,2024-08-01,2024-08-01,0,0,0.34869227263437585,0.35739867811136145,-0.0878470841762542,-0.030260265673852094,1,1,0.2,0.3
AMZN,2024-10-31,2024-10-31,0,0,0.3783894639435394,0.417379318967094,0.06185621865256041,0.13041852796885367,1,1,0.5,1.0
AMZN,2025-02-06,2025-02-06,0,0,0.357136356974478,0.3818560526850653,-0.04053095448794508,-0.18544574888146614,1,1,0.3,0.6
AMZN,2025-05-01,2025-05-01,0,0,0.39433594954950923,0.36299639696421826,-0.0011566836184702112,0.08648789280852931,0,1,0.8,0.5
AMZN,2025-07-31,2025-07-31,0,0,0.38267657795085935,0.41664003926352056,-0.08269617085933034,-0.021827348669553603,1,1,0.6,0.9
AMZN,2025-10-30,2025-10-30,0,0,0.3600436738141001,0.32686334626038505,0.09584492754129248,0.049448103034551716,1,1,0.4,0.2
AVGO,2023-08-31,2023-08-31,0,0,0.5478103811639501,0.5233232615924868,-0.054578519502410994,-0.09036006521115725,1,1,1.0,1.0
AVGO,2023-12-07,2023-12-07,0,0,0.38711198258312757,0.41945309130459574,0.023898023453786665,0.179133499609331,0,1,0.3,0.7
AVGO,2024-03-07,2024-03-07,0,0,0.39885957920838966,0.4449945680588175,-0.06985741202247542,-0.04635347601815121,1,1,0.4,0.8
AVGO,2024-06-12,2024-06-12,0,0,0.43046697411740775,0.38873656016707264,0.12268714356579724,0.1498706463656525,1,1,0.7,0.4
AVGO,2024-09-05,2024-09-05,0,0,0.41859102392265946,0.40535435284166,-0.1035204802277847,0.15967116074884524,1,1,0.6,0.6
AVGO,2024-12-12,2024-12-12,0,0,0.41227793430835724,0.3879796941660608,0.24432640138655515,0.2654207133661006,1,1,0.5,0.3
AVGO,2025-03-06,2025-03-06,0,0,0.29158427616425525,0.2839537298391977,0.08643082155972204,-0.18232011655877423,0,1,0.1,0.1
AVGO,2025-06-05,2025-06-05,0,0,0.44189666895086716,0.3994272943977842,-0.05001341342743948,0.04812735394389733,0,1,0.8,0.5
AVGO,2025-09-04,2025-09-04,0,0,0.356996428808679,0.3124660870071373,0.09405425773402842,0.10731695363625193,1,1,0.2,0.2
AVGO,2025-12-11,2025-12-11,0,0,0.46359820252038497,0.47737825737820894,-0.11428006763168208,-0.12570191960668564,1,1,0.9,0.9
COST,2023-09-26,2023-09-26,0,0,0.47498274132700724,0.4974366103805366,0.0191154790703989,-0.005370810203851328,0,1,0.5,0.6
COST,2023-12-14,2023-12-14,0,0,0.5723223253610009,0.5861429985242118,0.04445266573509876,0.10933841621819163,1,1,1.0,1.0
COST,2024-03-07,2024-03-07,0,0,0.5174774804110973,0.4995101268647888,-0.07641396036332138,-0.09391668458165181,1,1,0.9,0.7
COST,2024-05-30,2024-05-30,0,0,0.41096197111921484,0.4014435079447889,-0.006684460011435078,0.03719902223371041,0,1,0.2,0.1
COST,2024-09-26,2024-09-26,0,0,0.5143212474687548,0.5055630097711901,-0.01754967731538315,-0.0113373773619736,0,1,0.8,0.8
COST,2024-12-12,2024-12-12,0,0,0.5142361093193812,0.5191924998521901,0.0009712139819952892,-0.06565224750257259,0,1,0.7,0.9
COST,2025-03-06,2025-03-06,0,0,0.4913497780266135,0.4564842336389554,-0.060694345292882534,-0.10728411524629244,1,1,0.6,0.5
COST,2025-05-29,2025-05-29,0,0,0.382882908779625,0.4065028350089858,0.031167746354934023,-0.018637111445174326,0,1,0.1,0.2
COST,2025-09-25,2025-09-25,0,0,0.44127507245340214,0.4503367564815705,-0.029004215082940377,-0.011841283641228717,1,1,0.4,0.4
COST,2025-12-11,2025-12-11,0,0,0.41684279674809865,0.44247129193503587,-1.1349024651718942e-05,0.06495344374042822,0,1,0.3,0.3
CSCO,2023-08-16,2023-08-16,0,0,0.5059152291978368,0.5550922816035972,0.03342149212133627,0.05815712295745756,1,1,0.7,0.9
CSCO,2023-11-15,2023-11-15,0,0,0.5109668517107041,0.49139932191523233,-0.09834822554502998,-0.06400152833223594,1,1,0.8,0.8
CSCO,2024-02-14,2024-02-14,0,0,0.4240658297349718,0.4471899648752248,-0.024264060102297647,-0.02684973584216932,0,1,0.6,0.6
CSCO,2024-05-15,2024-05-15,0,0,0.33758979246050635,0.35127007705959495,-0.02677678106599435,-0.08033001827450847,1,1,0.2,0.2
CSCO,2024-08-14,2024-08-14,0,0,0.35834537736135375,0.4190268660538197,0.06800173963876088,0.09595067384590461,1,1,0.3,0.4
CSCO,2024-11-13,2024-11-13,0,0,0.4172988393083171,0.46126337294451886,-0.02129107766105931,-0.009462686274791299,0,1,0.5,0.7
CSCO,2025-02-12,2025-02-12,0,0,0.3081840131428446,0.3018161455678932,0.020950006826437884,-0.03246439452964267,0,1,0.1,0.1
CSCO,2025-05-14,2025-05-14,0,0,0.36017906076132733,0.40514093036485627,0.04845815850765933,0.0456844243386354,1,1,0.4,0.3
CSCO,2025-08-13,2025-08-13,0,0,0.512942134020823,0.4334785608723468,-0.015624961975726825,-0.05497165020810202,0,1,0.9,0.5
CSCO,2025-11-12,2025-11-12,0,0,0.5461984056819152,0.5718431484601919,0.046241167767826274,0.05192000314816392,1,1,1.0,1.0
GILD,2023-08-08,2023-08-08,0,0,0.5957736262435184,0.5499245321581514,0.001123953371655162,-0.07667319896435199,0,1,1.0,1.0
GILD,2023-11-07,2023-11-07,0,0,0.5056240436124666,0.5308973281893377,-0.03361851943497107,-0.03175794442564028,1,1,0.8,0.9
GILD,2024-02-06,2024-02-06,0,0,0.39685586989240385,0.4593137021831578,-0.042460024605477154,-0.05223852746500535,1,1,0.4,0.7
GILD,2024-04-25,2024-04-25,0,0,0.26411146973218225,0.32654103641614146,0.0022983253786841296,0.006281654922100088,0,1,0.1,0.2
GILD,2024-08-08,2024-08-08,0,0,0.4330891666424347,0.44400617860282904,-0.02553244211790895,0.047360781040892475,0,1,0.6,0.4
GILD,2024-11-07,2024-11-07,0,0,0.4526906079471817,0.44846818242478914,-0.013585311018412538,-0.0746679375620316,0,1,0.7,0.6
GILD,2025-02-11,2025-02-11,0,0,0.3227843401551827,0.37719634066132246,0.07457860800713734,0.1790097001208779,1,1,0.2,0.3
GILD,2025-04-24,2025-04-24,0,0,0.3850785787786585,0.3141456971406924,-0.028073501157604652,0.011493161877273561,0,1,0.3,0.1
GILD,2025-08-07,2025-08-07,0,0,0.4033524988935688,0.44630207331333416,0.08278930988240174,0.05077973382034218,1,1,0.5,0.5
GILD,2025-11-06,2025-11-06,0,0,0.5192416262299304,0.5109231828942292,-0.036953018820960026,-0.017909165953142958,1,1,0.9,0.8
GOOGL,2023-07-25,2023-07-25,0,0,0.4276844888324926,0.36836237057094057,0.05776941598999197,0.08313572164517646,1,1,1.0,0.9
GOOGL,2023-10-24,2023-10-24,0,0,0.24630865271459643,0.2434063427757756,-0.09509408572338585,-0.0023053985451635395,1,1,0.3,0.2
GOOGL,2024-01-30,2024-01-30,0,0,0.24537654263557518,0.28280062873528916,-0.07500334643074325,-0.08583134944451287,1,1,0.2,0.5
GOOGL,2024-04-25,2024-04-25,0,0,0.27145639723763765,0.28114358476205137,0.1022436099224,0.12173075378354214,1,1,0.4,0.4
GOOGL,2024-07-23,2024-07-23,0,0,0.2781408637384573,0.28046108897426275,-0.05038794670796154,-0.08768362772780913,1,1,0.6,0.3
GOOGL,2024-10-29,2024-10-29,0,0,0.18639486839749808,0.19535393691315894,0.028170895468493162,-0.002652017221821956,0,1,0.1,0.1
GOOGL,2025-02-04,2025-02-04,0,0,0.3302538666134853,0.33670712914493045,-0.07292381547378302,-0.1648901579051184,1,1,0.7,0.7
GOOGL,2025-04-24,2025-04-24,0,0,0.274293044132677,0.32228382357548135,0.0168257073145488,0.057697098600712815,0,1,0.5,0.6
GOOGL,2025-07-23,2025-07-23,0,0,0.3822609114872225,0.3657391525683888,0.010198329269446305,0.050044773545286025,0,1,0.9,0.8
GOOGL,2025-10-28,2025-10-28,0,0,0.3780298052049247,0.39581486344765576,0.026544977891569843,0.196208974108935,0,1,0.8,1.0
INTC,2023-07-27,2023-07-27,0,0,0.43621708021447303,0.3982527678550711,0.0659915393526902,-0.0341642375925697,1,1,0.8,0.6
INTC,2023-10-26,2023-10-26,0,0,0.5282616899070507,0.46836944150835536,0.09286581768268332,0.35993058299478964,1,1,0.9,0.9
INTC,2024-01-25,2024-01-25,0,0,0.5370698575460383,0.49764234355878123,-0.11907169314125954,-0.12984846115941462,1,1,1.0,1.0
INTC,2024-04-25,2024-04-25,0,0,0.24583527255961943,0.30223133607308234,-0.0919965286545188,-0.12148172219136089,1,1,0.1,0.1
INTC,2024-08-01,2024-08-01,0,0,0.37763083311409307,0.4116190378689792,-0.2605851455985698,-0.23649517878222803,1,1,0.5,0.7
INTC,2024-10-31,2024-10-31,0,0,0.2885356628424699,0.34297984508196694,0.07806692701856766,0.11198883811095195,0,1,0.2,0.3
INTC,2025-01-30,2025-01-30,0,0,0.39615371595515264,0.3826671555628781,-0.028985503102038956,0.13643175967064347,0,1,0.7,0.5
INTC,2025-04-24,2025-04-24,0,0,0.39224328010630244,0.4215278991402003,-0.06700793622124324,-0.06700793622124324,0,1,0.6,0.8
INTC,2025-07-24,2025-07-24,0,0,0.32401225371615705,0.34140141326418066,-0.08528495224927657,0.09589041788636266,1,1,0.3,0.2
INTC,2025-10-23,2025-10-23,0,0,0.35256263859544446,0.3726815995491488,0.0031446261101832906,-0.09591194607041698,0,1,0.4,0.4
META,2023-07-26,2023-07-26,0,0,0.43740211559529146,0.4444049773079109,0.04400985154831116,-0.03958859495416445,1,1,0.6,0.7
META,2023-10-25,2023-10-25,0,0,0.5855435128106038,0.5556570129810223,-0.03732502545336591,0.12920258042554456,0,1,1.0,1.0
META,2024-02-01,2024-02-01,0,0,0.40053549413220324,0.44008100255408744,0.2031762680195952,0.2632823697668507,1,1,0.4,0.6
META,2024-04-24,2024-04-24,0,0,0.46043111679008036,0.47281340305657266,-0.1056130687089194,-0.05617025773953621,1,1,0.7,0.8
META,2024-07-31,2024-07-31,0,0,0.3789791742991727,0.4037235027732793,0.0482489768352683,0.09138002719812355,1,1,0.3,0.3
META,2024-10-30,2024-10-30,0,0,0.499582383034585,0.49881676671509095,-0.040926142871398064,-0.029536897445860633,1,1,0.8,0.9
META,2025-01-29,2025-01-29,0,0,0.4247375287716963,0.4311416808619638,0.0155359925593197,-0.012254491504700482,0,1,0.5,0.4
META,2025-04-30,2025-04-30,0,0,0.5255233754679012,0.4359977954237463,0.04227698760668308,0.17939902693944032,0,1,0.9,0.5
META,2025-07-30,2025-07-30,0,0,0.3612357364113973,0.3590469470200571,0.11252713022888616,0.08040729981412142,1,1,0.2,0.2
META,2025-10-29,2025-10-29,0,0,0.3561135775110408,0.34829807152338943,-0.11334764097342975,-0.1379860680426468,1,1,0.1,0.1
MSFT,2023-07-25,2023-07-25,0,0,0.4354396184899718,0.41384514968029446,-0.037637573613209185,-0.06635041899138017,1,1,0.9090909090909091,0.9090909090909091
MSFT,2023-10-24,2023-10-24,0,0,0.33459192909449625,0.3240430868786296,0.03067823499303346,0.14548434530724208,1,1,0.36363636363636365,0.36363636363636365
MSFT,2024-01-30,2024-01-30,0,0,0.35773544881256936,0.35822708501417033,-0.026946210369849677,0.014231775875703567,1,1,0.45454545454545453,0.6363636363636364
MSFT,2024-04-25,2024-04-25,0,0,0.3209302444872483,0.3179999514356421,0.018243848815692187,0.07993152506227696,0,1,0.18181818181818182,0.18181818181818182
MSFT,2024-07-30,2024-07-30,0,0,0.30468091318947776,0.31887974590043394,-0.010805990491959738,-0.027380892786558864,0,1,0.09090909090909091,0.2727272727272727
MSFT,2024-10-30,2024-10-30,0,0,0.32973026357800916,0.299564313835629,-0.06052758573969319,-0.019010017742330354,1,1,0.2727272727272727,0.09090909090909091
MSFT,2025-01-29,2025-01-29,0,0,0.39234084722044366,0.4088891234837706,-0.06180906066178271,-0.1007030690419245,1,1,0.7272727272727273,0.8181818181818182
MSFT,2025-04-30,2025-04-30,0,0,0.4762577819713312,0.40036791142606454,0.07625362173242944,0.16683995156911147,1,1,1.0,0.7272727272727273
MSFT,2025-07-30,2025-07-30,0,0,0.39563410727178316,0.4143785392297922,0.03947465737521205,-0.005381796291161867,1,1,0.8181818181818182,1.0
MSFT,2025-10-29,2025-10-29,0,0,0.38323239667329756,0.3441284913824386,-0.029156910325210172,-0.08977766032676959,1,1,0.6363636363636364,0.5454545454545454
MSFT,2026-01-28,2026-01-28,0,0,0.3801114345324409,0.3355457892632062,-0.0999315049399564,-0.18269959385395262,1,1,0.5454545454545454,0.45454545454545453
MU,2023-09-27,2023-09-27,0,0,0.3312331851715259,0.3607425337013056,-0.044128157187643735,-0.052372638877688726,1,1,0.3,0.4
MU,2023-12-20,2023-12-20,0,0,0.29078041618933026,0.29921761913249995,0.08628793560745263,0.11382877089282717,1,1,0.1,0.1
MU,2024-03-20,2024-03-20,0,0,0.3387207115941214,0.3048549323412194,0.14129872620626838,0.11036943214690975,1,1,0.4,0.2
MU,2024-06-26,2024-06-26,0,0,0.4161619248194571,0.42806310663090014,-0.07115741669835984,-0.2307831567024815,1,1,0.7,0.8
MU,2024-09-25,2024-09-25,0,0,0.37192052684927923,0.3796304528783484,0.14733212161663722,0.11694992742285693,1,1,0.5,0.5
MU,2024-12-18,2024-12-18,0,0,0.5025575345032584,0.5109879199852632,-0.16179017537359286,0.052665367876381985,1,1,1.0,1.0
MU,2025-03-20,2025-03-20,0,0,0.4026081974686967,0.4038336725677141,-0.08038838549478433,-0.3511952213305224,0,1,0.6,0.7
MU,2025-06-25,2025-06-25,0,0,0.4195002305837347,0.3906480829513756,-0.00982320467626474,-0.1248351969635968,0,1,0.8,0.6
MU,2025-09-23,2025-09-23,0,0,0.43153012761105725,0.44551789740439707,-0.02824334847579102,0.19340362179128934,0,1,0.9,0.9
MU,2025-12-17,2025-12-17,0,0,0.2997209736528713,0.3223500879709345,0.10211953266442886,0.6191356507948806,1,1,0.2,0.3
NFLX,2023-07-19,2023-07-19,0,0,0.4400037785189654,0.45248544693708403,-0.08410976749907251,-0.15617998304277203,1,1,0.6,0.5
NFLX,2023-10-18,2023-10-18,0,0,0.4094183761253015,0.43802282888302235,0.16054763975038244,0.34882580070462654,1,1,0.3,0.4
NFLX,2024-01-23,2024-01-23,0,0,0.5312222523982688,0.5309408158475534,0.10703178756681098,0.1956154738171758,1,1,0.9,0.9
NFLX,2024-04-18,2024-04-18,0,0,0.4671349964944665,0.4570878170614489,-0.09093288392014132,0.017262854735107913,1,1,0.8,0.6
NFLX,2024-07-18,2024-07-18,0,0,0.43316594070980574,0.46336047023581595,-0.015084616941612339,0.04825511297801466,0,1,0.5,0.7
NFLX,2024-10-17,2024-10-17,0,0,0.4544390621029937,0.4949702009217586,0.11087036453117594,0.1982259064129075,1,1,0.7,0.8
NFLX,2025-01-21,2025-01-21,0,0,0.3773742470774234,0.37055048876294233,0.0969436980385241,0.17806549130762428,1,1,0.2,0.2
NFLX,2025-04-17,2025-04-17,0,0,0.5705258647547644,0.5441394945265492,0.015292426142407889,0.22466932926674832,0,1,1.0,1.0
NFLX,2025-07-17,2025-07-17,0,0,0.3264978370021875,0.37001389571035026,-0.05095863366074482,-0.027641548450280884,1,1,0.1,0.1
NFLX,2025-10-21,2025-10-21,0,0,0.42088331642882304,0.4348266108066989,-0.10068071763447539,-0.11386798157636624,1,1,0.4,0.3
NVDA,2023-08-23,2023-08-23,0,0,0.4861701565155595,0.47648725877481074,0.0009973908838554202,-0.11678786108368977,0,1,0.5,0.5
NVDA,2023-11-21,2023-11-21,0,0,0.49856887495772756,0.5371698835934929,-0.024587582885737147,-0.019015175915227722,0,1,0.6,0.6
NVDA,2024-02-21,2024-02-21,0,0,0.4350856557936983,0.44699080151839576,0.16400849569551434,0.35521805618486635,1,1,0.2,0.2
NVDA,2024-05-22,2024-05-22,0,0,0.44974183101249265,0.44796300093217845,0.09319653554938312,0.24401985932148884,1,1,0.3,0.3
NVDA,2024-08-28,2024-08-28,0,0,0.6002254030110719,0.5628910237957424,-0.06384844017063596,-0.03343369312220301,0,1,1.0,0.8
NVDA,2024-11-20,2024-11-20,0,0,0.4618062999748215,0.4645487797904778,0.005346458649429842,-0.07663816088023923,0,1,0.4,0.4
NVDA,2025-02-26,2025-02-26,0,0,0.5332299706086485,0.5404744727503644,-0.08478062880758996,-0.15112546817874506,1,1,0.7,0.7
NVDA,2025-05-28,2025-05-28,0,0,0.5893030063519028,0.5650898724672009,0.03249006182343783,0.17024658647211055,0,1,0.9,1.0
NVDA,2025-08-27,2025-08-27,0,0,0.5482068641013266,0.5644072984083718,-0.007874547726525405,-0.018722211957621027,0,1,0.8,0.9
NVDA,2025-11-19,2025-11-19,0,0,0.38169712901676045,0.37723148500712067,-0.03152478448099327,-0.029594279387860856,0,1,0.1,0.1
PANW,2023-08-18,2023-08-18,0,0,0.3801667484317706,0.4036429291369692,0.14840953195125928,0.12628163202458054,1,1,0.1,0.1
PANW,2023-11-15,2023-11-15,0,0,0.6213749406664781,0.565665179799413,-0.05418061527384699,0.19954718002464955,1,1,1.0,0.7
PANW,2024-02-20,2024-02-20,0,0,0.6085963001496486,0.6125216606799901,-0.2844109267085455,-0.22956106254090414,1,1,0.9,1.0
PANW,2024-05-20,2024-05-20,0,0,0.5006978184364466,0.5063769107120802,-0.03740305081534634,-0.03931797541683968,0,1,0.4,0.5
PANW,2024-08-19,2024-08-19,0,0,0.508794212907754,0.5625573938696797,0.07179061470667181,-0.03963765707185529,1,1,0.6,0.6
PANW,2024-11-20,2024-11-20,0,0,0.4762520641377831,0.47364904084777415,0.012242605765630854,-0.049199563158001,0,1,0.2,0.3
PANW,2025-02-13,2025-02-13,0,0,0.5021394826671776,0.4201907373684287,-0.009163889730384733,-0.08361405029988489,0,1,0.5,0.2
PANW,2025-05-20,2025-05-20,0,0,0.5474647824804766,0.5816717771012139,-0.06797614927565077,0.024475575227251856,1,1,0.7,0.9
PANW,2025-08-18,2025-08-18,0,0,0.5490415123272623,0.5738038424371019,0.030595444432482077,0.1529772221624104,0,1,0.8,0.8
PANW,2025-11-19,2025-11-19,0,0,0.49179101931183633,0.4977633133665109,-0.07418702863965643,-0.06513251331270231,1,1,0.3,0.4
QCOM,2023-08-02,2023-08-02,0,0,0.49384013914441843,0.4762853389648921,-0.08176685702450404,-0.10775140103813452,1,1,0.6,0.6
QCOM,2023-11-01,2023-11-01,0,0,0.41255039775477026,0.37920309650830425,0.05834619097757954,0.17679396949748738,1,1,0.2,0.1
QCOM,2024-01-31,2024-01-31,0,0,0.4947834267053735,0.5029690059943805,-0.049828351782166935,0.10375317021982688,1,1,0.7,0.8
QCOM,2024-05-01,2024-05-01,0,0,0.4858538543023737,0.41512875301521285,0.09743478931392624,0.24846897624315645,1,1,0.5,0.3
QCOM,2024-07-31,2024-07-31,0,0,0.4487984679707225,0.45913811086016787,-0.09367219264348015,-0.06333245484395966,1,1,0.3,0.5
QCOM,2024-11-06,2024-11-06,0,0,0.34906806335528684,0.3902535252664504,-0.00046252719327488645,-0.07310026639038958,0,1,0.1,0.2
QCOM,2025-02-05,2025-02-05,0,0,0.4603003753377187,0.48098091670120996,-0.03718876370020385,-0.07830487734065683,0,1,0.4,0.7
QCOM,2025-04-30,2025-04-30,0,0,0.4961924224428394,0.4460220807645599,-0.08924958048899556,-0.02195889626216596,1,1,0.8,0.4
QCOM,2025-07-30,2025-07-30,0,0,0.5485234148739142,0.5429262843600096,-0.07732945361251498,0.010939190606859661,1,1,1.0,0.9
QCOM,2025-11-05,2025-11-05,0,0,0.5181459457203378,0.5475671125758025,-0.036278653672108585,-0.02235029741003325,0,1,0.9,1.0
TSLA,2023-07-19,2023-07-19,0,0,0.569616624768639,0.573599553365838,-0.09737009860008494,-0.24733916819851787,1,1,0.9,0.9
TSLA,2023-10-18,2023-10-18,0,0,0.5010670721332768,0.5141759738231754,-0.09300310180733784,-0.03745671918671434,1,1,0.5,0.5
TSLA,2024-01-24,2024-01-24,0,0,0.461720889586855,0.5328361433835738,-0.12125293136804816,-0.07631237295202542,1,1,0.4,0.7
TSLA,2024-04-23,2024-04-23,0,0,0.4157070518372953,0.4511731810981468,0.12061109407252757,0.24488533127014134,1,1,0.1,0.3
TSLA,2024-07-23,2024-07-23,0,0,0.641039299694288,0.641599500607517,-0.12334604589403697,-0.09379819852403826,1,1,1.0,1.0
TSLA,2024-10-23,2024-10-23,0,0,0.5081189630332978,0.5442438101332251,0.21919035070290427,0.5897028989057522,1,1,0.6,0.8
TSLA,2025-01-29,2025-01-29,0,0,0.41961508826178945,0.41781465214372454,0.028732954254456988,-0.24703159498696037,0,1,0.2,0.2
TSLA,2025-04-22,2025-04-22,0,0,0.43222994742330945,0.4052253555931946,0.0536622440095611,0.40614360381856374,0,1,0.3,0.1
TSLA,2025-07-23,2025-07-23,0,0,0.5308763302264972,0.5230466885741624,-0.08197020076301287,-0.03743689048120613,1,1,0.8,0.6
TSLA,2025-10-22,2025-10-22,0,0,0.5239366063142541,0.4921710845336181,0.022803402824313368,-0.09964232205558765,0,1,0.7,0.4
TXN,2023-07-25,2023-07-25,0,0,0.60473626304228,0.5781619589389988,-0.05417035942885273,-0.08091535741461886,1,1,0.9,0.8
TXN,2023-10-24,2023-10-24,0,0,0.43866013745373655,0.47514103381326234,-0.03491697337516175,0.05731670477699624,1,1,0.2,0.5
TXN,2024-01-23,2024-01-23,0,0,0.4756967441926056,0.4777557979852589,-0.024492463437923884,-0.04361912935492718,0,1,0.5,0.6
TXN,2024-04-23,2024-04-23,0,0,0.6503501462836925,0.653487779443334,0.05644520530711539,0.23285051446687466,1,1,1.0,1.0
TXN,2024-07-23,2024-07-23,0,0,0.5091214151410672,0.49319373900179037,-5.048725494039008e-05,0.0576756628711923,0,1,0.7,0.7
TXN,2024-10-22,2024-10-22,0,0,0.540865008527236,0.6027756215685869,0.04005776864553989,0.02848294944962304,0,1,0.8,0.9
TXN,2025-01-23,2025-01-23,0,0,0.45463004792036016,0.41792731656150783,-0.07522051935705887,0.008047767826676822,1,1,0.3,0.2
TXN,2025-04-23,2025-04-23,0,0,0.4639835263287564,0.47145127435440354,0.06559317390031727,0.19452813993254803,0,1,0.4,0.4
TXN,2025-07-22,2025-07-22,0,0,0.480813163861178,0.4671905279480031,-0.13339845889772306,-0.059086413969842266,1,1,0.6,0.3
TXN,2025-10-21,2025-10-21,0,0,0.31433840474349356,0.32824973972013943,-0.0560163293188386,-0.12357810230833943,1,1,0.1,0.1
