index,family,cell,corr_regime,dix_regime,h,n,n_eps,gate,p5,p10,p25,p50,p75,p90,p95,mean,hit
NDX,ENV,LowCorr,LowCorr,,1,753,30,True,-1.895,-1.291,-0.44,0.142,0.743,1.282,1.693,0.081,57.105
NDX,ENV,LowCorr,LowCorr,,2,752,30,True,-2.49,-1.824,-0.655,0.316,1.09,1.858,2.377,0.162,59.441
NDX,ENV,LowCorr,LowCorr,,3,751,30,True,-2.807,-2.089,-0.838,0.429,1.433,2.299,2.859,0.235,59.121
NDX,ENV,LowCorr,LowCorr,,5,749,30,True,-3.507,-2.523,-1.037,0.566,1.884,3.183,3.792,0.384,59.947
NDX,ENV,LowCorr,LowCorr,,10,744,30,True,-4.816,-3.103,-0.868,1.126,2.899,4.306,5.345,0.825,65.054
NDX,ENV,LowCorr,LowCorr,,15,739,30,True,-5.632,-3.983,-0.891,1.614,3.697,5.283,6.362,1.158,68.877
NDX,ENV,LowCorr,LowCorr,,21,733,30,True,-6.293,-4.415,-1.201,1.801,4.48,6.486,7.78,1.429,67.667
NDX,ENV,LowCorr,LowCorr,,42,712,30,True,-10.155,-5.948,-1.594,2.263,6.833,10.164,12.856,2.197,66.433
NDX,ENV,LowCorr,LowCorr,,63,691,30,True,-9.704,-5.285,0.138,4.121,7.986,13.227,16.498,3.873,75.109
NDX,ENV,MidCorr,MidCorr,,1,611,53,True,-2.313,-1.645,-0.684,0.156,0.916,1.697,2.264,0.099,56.956
NDX,ENV,MidCorr,MidCorr,,2,611,53,True,-3.097,-2.269,-0.992,0.256,1.412,2.317,3.069,0.192,57.61
NDX,ENV,MidCorr,MidCorr,,3,611,53,True,-3.611,-2.963,-1.036,0.416,1.709,2.785,3.841,0.294,59.574
NDX,ENV,MidCorr,MidCorr,,5,611,53,True,-4.545,-3.204,-1.258,0.796,2.232,3.884,5.172,0.479,61.375
NDX,ENV,MidCorr,MidCorr,,10,611,53,True,-6.985,-4.707,-1.772,1.467,3.48,5.553,6.625,0.769,62.848
NDX,ENV,MidCorr,MidCorr,,15,611,53,True,-8.161,-5.716,-1.771,1.943,4.569,6.486,8.086,1.118,64.812
NDX,ENV,MidCorr,MidCorr,,21,611,53,True,-8.886,-5.671,-1.618,2.772,5.866,8.09,10.01,1.715,66.612
NDX,ENV,MidCorr,MidCorr,,42,611,53,True,-12.78,-7.721,1.043,5.949,9.611,13.235,15.033,4.556,78.232
NDX,ENV,MidCorr,MidCorr,,63,611,53,True,-13.521,-10.237,-0.635,8.418,13.198,18.292,21.473,6.372,74.141
NDX,ENV,HighCorr,HighCorr,,1,400,24,True,-3.688,-2.604,-1.16,0.101,1.404,2.345,3.361,0.088,52.5
NDX,ENV,HighCorr,HighCorr,,2,400,24,True,-4.571,-3.205,-1.731,0.516,2.146,3.245,4.495,0.168,55.25
NDX,ENV,HighCorr,HighCorr,,3,400,24,True,-5.715,-3.938,-1.845,0.442,2.449,4.278,5.351,0.253,55.0
NDX,ENV,HighCorr,HighCorr,,5,400,24,True,-6.99,-4.693,-2.359,0.692,3.37,5.673,7.229,0.441,57.0
NDX,ENV,HighCorr,HighCorr,,10,400,24,True,-9.849,-6.655,-3.19,2.247,5.369,7.819,9.343,1.031,60.75
NDX,ENV,HighCorr,HighCorr,,15,400,24,True,-10.278,-8.369,-4.132,2.642,7.246,10.361,13.064,1.771,63.0
NDX,ENV,HighCorr,HighCorr,,21,400,24,True,-12.853,-10.33,-3.936,4.365,8.975,13.711,15.691,2.652,64.5
NDX,ENV,HighCorr,HighCorr,,42,400,24,True,-15.261,-11.419,-3.015,5.913,11.959,18.945,22.934,4.779,70.0
NDX,ENV,HighCorr,HighCorr,,63,400,24,True,-16.418,-10.873,-3.658,7.781,15.812,23.853,29.659,6.797,67.75
NDX,ENV,LowCorrxDIXLow(l1),LowCorr,DIXLow,1,273,36,True,-2.012,-1.536,-0.456,0.192,0.811,1.494,1.807,0.087,56.41
NDX,ENV,LowCorrxDIXLow(l1),LowCorr,DIXLow,2,273,36,True,-3.124,-2.042,-0.779,0.315,1.208,2.09,2.631,0.146,59.707
NDX,ENV,LowCorrxDIXLow(l1),LowCorr,DIXLow,3,273,36,True,-3.33,-2.243,-1.003,0.323,1.544,2.376,2.821,0.163,55.311
NDX,ENV,LowCorrxDIXLow(l1),LowCorr,DIXLow,5,273,36,True,-4.613,-3.213,-1.417,0.317,1.912,3.432,3.975,0.179,55.678
NDX,ENV,LowCorrxDIXLow(l1),LowCorr,DIXLow,10,273,36,True,-5.759,-4.161,-1.727,0.288,2.256,4.075,5.078,0.103,54.579
NDX,ENV,LowCorrxDIXLow(l1),LowCorr,DIXLow,15,273,36,True,-6.571,-4.598,-2.15,0.299,2.726,4.477,5.394,0.039,55.311
NDX,ENV,LowCorrxDIXLow(l1),LowCorr,DIXLow,21,273,36,True,-7.167,-5.756,-3.343,-0.035,2.498,5.299,6.399,-0.292,49.817
NDX,ENV,LowCorrxDIXLow(l1),LowCorr,DIXLow,42,257,36,True,-10.834,-7.382,-2.772,0.918,3.609,7.493,9.275,0.324,56.809
NDX,ENV,LowCorrxDIXLow(l1),LowCorr,DIXLow,63,239,36,True,-7.122,-4.761,-0.158,3.175,6.287,13.78,17.365,3.611,74.059
NDX,ENV,LowCorrxDIXMid(l1),LowCorr,DIXMid,1,295,63,True,-1.738,-1.141,-0.462,0.115,0.696,1.163,1.549,0.054,56.949
NDX,ENV,LowCorrxDIXMid(l1),LowCorr,DIXMid,2,294,63,True,-2.163,-1.764,-0.643,0.325,0.998,1.596,1.962,0.133,59.524
NDX,ENV,LowCorrxDIXMid(l1),LowCorr,DIXMid,3,293,63,True,-2.558,-2.021,-0.859,0.446,1.34,2.059,2.617,0.215,61.092
NDX,ENV,LowCorrxDIXMid(l1),LowCorr,DIXMid,5,291,63,True,-3.015,-2.237,-0.979,0.58,1.835,2.89,3.294,0.428,62.199
NDX,ENV,LowCorrxDIXMid(l1),LowCorr,DIXMid,10,286,63,True,-3.73,-2.335,-0.297,1.595,3.522,4.479,5.429,1.284,71.329
NDX,ENV,LowCorrxDIXMid(l1),LowCorr,DIXMid,15,281,63,True,-4.846,-3.389,0.037,2.255,3.767,5.208,5.92,1.594,75.089
NDX,ENV,LowCorrxDIXMid(l1),LowCorr,DIXMid,21,275,63,True,-4.434,-3.201,0.072,2.535,4.756,6.572,7.494,2.127,75.636
NDX,ENV,LowCorrxDIXMid(l1),LowCorr,DIXMid,42,270,63,True,-10.555,-4.427,-0.801,4.917,8.431,10.855,12.557,3.271,70.0
NDX,ENV,LowCorrxDIXMid(l1),LowCorr,DIXMid,63,267,63,True,-9.961,-5.017,1.113,5.1,8.193,12.621,15.212,4.131,79.026
NDX,ENV,LowCorrxDIXHigh(l1),LowCorr,DIXHigh,1,185,30,True,-1.689,-1.116,-0.365,0.113,0.675,1.268,1.66,0.117,58.378
NDX,ENV,LowCorrxDIXHigh(l1),LowCorr,DIXHigh,2,185,30,True,-2.31,-1.621,-0.57,0.264,1.098,1.879,2.879,0.23,58.919
NDX,ENV,LowCorrxDIXHigh(l1),LowCorr,DIXHigh,3,185,30,True,-2.561,-1.979,-0.593,0.507,1.544,2.625,3.022,0.375,61.622
NDX,ENV,LowCorrxDIXHigh(l1),LowCorr,DIXHigh,5,185,30,True,-3.016,-2.384,-0.829,0.664,1.975,3.478,4.29,0.618,62.703
NDX,ENV,LowCorrxDIXHigh(l1),LowCorr,DIXHigh,10,185,30,True,-4.551,-1.971,-0.276,1.57,2.882,4.304,5.07,1.18,70.811
NDX,ENV,LowCorrxDIXHigh(l1),LowCorr,DIXHigh,15,185,30,True,-6.4,-2.367,0.514,2.503,4.58,6.64,8.178,2.146,79.459
NDX,ENV,LowCorrxDIXHigh(l1),LowCorr,DIXHigh,21,185,30,True,-5.183,-2.62,1.039,3.213,5.51,7.665,9.698,2.932,82.162
NDX,ENV,LowCorrxDIXHigh(l1),LowCorr,DIXHigh,42,185,30,True,-7.727,-4.602,-0.204,4.089,7.434,11.449,14.625,3.234,74.595
NDX,ENV,LowCorrxDIXHigh(l1),LowCorr,DIXHigh,63,185,30,True,-10.807,-7.68,-0.562,5.27,8.451,14.009,16.504,3.839,70.811
NDX,ENV,MidCorrxDIXLow(l1),MidCorr,DIXLow,1,154,27,True,-2.514,-1.879,-0.811,0.224,0.938,1.532,2.343,0.05,55.844
NDX,ENV,MidCorrxDIXLow(l1),MidCorr,DIXLow,2,154,27,True,-3.112,-2.335,-1.18,0.304,1.521,2.482,3.119,0.182,54.545
NDX,ENV,MidCorrxDIXLow(l1),MidCorr,DIXLow,3,154,27,True,-3.572,-3.044,-1.341,0.406,1.698,2.938,3.938,0.291,60.39
NDX,ENV,MidCorrxDIXLow(l1),MidCorr,DIXLow,5,154,27,True,-4.487,-3.165,-1.284,0.677,2.385,4.233,5.372,0.563,61.039
NDX,ENV,MidCorrxDIXLow(l1),MidCorr,DIXLow,10,154,27,True,-5.001,-3.897,-1.75,1.459,3.558,5.339,6.706,1.044,64.935
NDX,ENV,MidCorrxDIXLow(l1),MidCorr,DIXLow,15,154,27,True,-6.198,-4.463,-0.776,2.037,4.37,6.156,9.024,1.629,66.883
NDX,ENV,MidCorrxDIXLow(l1),MidCorr,DIXLow,21,154,27,True,-6.099,-4.471,-1.172,2.022,5.815,8.852,10.753,2.201,70.13
NDX,ENV,MidCorrxDIXLow(l1),MidCorr,DIXLow,42,154,27,True,-2.548,-1.477,1.38,6.447,9.513,14.714,20.06,6.533,85.714
NDX,ENV,MidCorrxDIXLow(l1),MidCorr,DIXLow,63,154,27,True,-4.974,-3.036,0.827,8.599,14.067,19.87,21.649,8.133,79.87
NDX,ENV,MidCorrxDIXMid(l1),MidCorr,DIXMid,1,222,51,True,-2.037,-1.257,-0.555,0.123,0.794,1.53,2.205,0.122,57.658
NDX,ENV,MidCorrxDIXMid(l1),MidCorr,DIXMid,2,222,51,True,-2.718,-1.894,-0.865,0.167,1.231,2.094,3.054,0.209,59.459
NDX,ENV,MidCorrxDIXMid(l1),MidCorr,DIXMid,3,222,51,True,-3.439,-2.649,-0.982,0.377,1.517,2.736,3.814,0.306,58.559
NDX,ENV,MidCorrxDIXMid(l1),MidCorr,DIXMid,5,222,51,True,-4.53,-3.167,-1.367,0.656,1.808,3.859,5.492,0.375,59.009
NDX,ENV,MidCorrxDIXMid(l1),MidCorr,DIXMid,10,222,51,True,-7.004,-5.433,-1.86,1.074,3.36,5.542,7.059,0.56,58.559
NDX,ENV,MidCorrxDIXMid(l1),MidCorr,DIXMid,15,222,51,True,-6.945,-5.308,-2.557,2.074,4.447,6.27,7.784,1.012,63.514
NDX,ENV,MidCorrxDIXMid(l1),MidCorr,DIXMid,21,222,51,True,-6.749,-4.808,-1.08,3.328,6.195,7.88,10.173,2.476,68.468
NDX,ENV,MidCorrxDIXMid(l1),MidCorr,DIXMid,42,222,51,True,-9.285,-4.132,1.912,6.284,9.741,12.637,13.928,5.137,82.432
NDX,ENV,MidCorrxDIXMid(l1),MidCorr,DIXMid,63,222,51,True,-9.424,-6.774,3.202,8.266,13.245,18.004,20.66,7.347,79.279
NDX,ENV,MidCorrxDIXHigh(l1),MidCorr,DIXHigh,1,235,38,True,-2.353,-1.586,-0.703,0.188,0.949,1.824,2.251,0.109,57.021
NDX,ENV,MidCorrxDIXHigh(l1),MidCorr,DIXHigh,2,235,38,True,-3.288,-2.58,-0.973,0.415,1.47,2.391,2.959,0.184,57.872
NDX,ENV,MidCorrxDIXHigh(l1),MidCorr,DIXHigh,3,235,38,True,-3.774,-3.043,-0.874,0.47,1.875,2.832,3.714,0.286,60.0
NDX,ENV,MidCorrxDIXHigh(l1),MidCorr,DIXHigh,5,235,38,True,-4.458,-3.156,-0.957,1.009,2.42,3.786,4.65,0.522,63.83
NDX,ENV,MidCorrxDIXHigh(l1),MidCorr,DIXHigh,10,235,38,True,-7.81,-4.724,-1.547,1.716,3.581,5.411,6.266,0.787,65.532
NDX,ENV,MidCorrxDIXHigh(l1),MidCorr,DIXHigh,15,235,38,True,-9.789,-6.712,-2.156,1.832,4.806,6.901,8.099,0.884,64.681
NDX,ENV,MidCorrxDIXHigh(l1),MidCorr,DIXHigh,21,235,38,True,-12.065,-8.696,-2.997,2.916,5.588,7.789,9.257,0.679,62.553
NDX,ENV,MidCorrxDIXHigh(l1),MidCorr,DIXHigh,42,235,38,True,-15.567,-12.635,-2.762,5.675,9.277,13.068,14.242,2.71,69.362
NDX,ENV,MidCorrxDIXHigh(l1),MidCorr,DIXHigh,63,235,38,True,-16.332,-14.108,-6.303,8.404,12.227,17.662,22.376,4.296,65.532
NDX,ENV,HighCorrxDIXLow(l1),HighCorr,DIXLow,1,57,13,True,-3.535,-2.946,-0.971,0.111,1.742,3.105,5.181,0.482,57.895
NDX,ENV,HighCorrxDIXLow(l1),HighCorr,DIXLow,2,57,13,True,-4.148,-2.997,-1.208,0.717,2.284,4.75,5.84,0.613,61.404
NDX,ENV,HighCorrxDIXLow(l1),HighCorr,DIXLow,3,57,13,True,-4.751,-3.078,-1.828,1.451,3.592,5.549,6.413,0.902,59.649
NDX,ENV,HighCorrxDIXLow(l1),HighCorr,DIXLow,5,57,13,True,-4.683,-3.326,-1.443,0.729,3.379,6.097,8.123,1.026,57.895
NDX,ENV,HighCorrxDIXLow(l1),HighCorr,DIXLow,10,57,13,True,-7.982,-5.432,-1.823,1.475,4.7,9.527,10.104,1.465,63.158
NDX,ENV,HighCorrxDIXLow(l1),HighCorr,DIXLow,15,57,13,True,-12.582,-3.56,-0.715,1.918,11.485,14.061,16.194,3.729,66.667
NDX,ENV,HighCorrxDIXLow(l1),HighCorr,DIXLow,21,57,13,True,-7.327,0.101,1.502,5.142,13.822,17.325,19.802,6.937,89.474
NDX,ENV,HighCorrxDIXLow(l1),HighCorr,DIXLow,42,57,13,True,-8.189,-6.741,1.151,5.967,19.612,27.61,28.704,9.817,80.702
NDX,ENV,HighCorrxDIXLow(l1),HighCorr,DIXLow,63,57,13,True,-13.816,-9.891,3.167,11.841,22.518,33.576,37.589,12.365,77.193
NDX,ENV,HighCorrxDIXMid(l1),HighCorr,DIXMid,1,155,35,True,-3.166,-2.463,-1.161,0.004,1.263,2.165,2.601,-0.059,50.323
NDX,ENV,HighCorrxDIXMid(l1),HighCorr,DIXMid,2,155,35,True,-4.646,-3.628,-2.003,0.231,1.779,2.782,3.426,-0.03,52.258
NDX,ENV,HighCorrxDIXMid(l1),HighCorr,DIXMid,3,155,35,True,-5.523,-4.017,-1.847,0.068,1.913,3.722,4.303,-0.034,51.613
NDX,ENV,HighCorrxDIXMid(l1),HighCorr,DIXMid,5,155,35,True,-6.857,-4.401,-2.538,0.492,2.82,5.153,6.426,0.062,53.548
NDX,ENV,HighCorrxDIXMid(l1),HighCorr,DIXMid,10,155,35,True,-9.973,-6.757,-3.866,1.507,5.108,7.477,8.201,0.431,56.774
NDX,ENV,HighCorrxDIXMid(l1),HighCorr,DIXMid,15,155,35,True,-12.062,-9.006,-5.117,1.799,7.15,9.727,10.42,0.808,59.355
NDX,ENV,HighCorrxDIXMid(l1),HighCorr,DIXMid,21,155,35,True,-14.277,-11.632,-5.341,1.596,8.162,13.57,15.516,1.449,55.484
NDX,ENV,HighCorrxDIXMid(l1),HighCorr,DIXMid,42,155,35,True,-15.263,-11.265,-0.713,6.281,9.977,15.437,18.436,4.302,73.548
NDX,ENV,HighCorrxDIXMid(l1),HighCorr,DIXMid,63,155,35,True,-11.056,-8.238,2.234,9.346,15.044,20.167,22.646,7.78,79.355
NDX,ENV,HighCorrxDIXHigh(l1),HighCorr,DIXHigh,1,187,29,True,-3.689,-2.46,-1.166,0.145,1.418,2.474,3.375,0.082,52.406
NDX,ENV,HighCorrxDIXHigh(l1),HighCorr,DIXHigh,2,187,29,True,-4.509,-3.175,-1.703,0.5,2.245,3.162,4.526,0.19,55.615
NDX,ENV,HighCorrxDIXHigh(l1),HighCorr,DIXHigh,3,187,29,True,-5.75,-4.11,-1.835,0.466,2.832,4.596,5.589,0.293,56.15
NDX,ENV,HighCorrxDIXHigh(l1),HighCorr,DIXHigh,5,187,29,True,-7.526,-5.453,-2.308,0.791,3.873,6.329,7.491,0.56,59.358
NDX,ENV,HighCorrxDIXHigh(l1),HighCorr,DIXHigh,10,187,29,True,-9.162,-6.702,-2.511,2.654,5.561,7.826,9.043,1.377,63.102
NDX,ENV,HighCorrxDIXHigh(l1),HighCorr,DIXHigh,15,187,29,True,-8.991,-8.018,-4.544,3.83,6.955,9.905,11.533,1.959,64.706
NDX,ENV,HighCorrxDIXHigh(l1),HighCorr,DIXHigh,21,187,29,True,-12.075,-10.363,-4.407,4.836,8.714,11.433,13.742,2.353,64.171
NDX,ENV,HighCorrxDIXHigh(l1),HighCorr,DIXHigh,42,187,29,True,-16.272,-12.675,-5.912,4.611,13.576,18.169,21.453,3.628,63.636
NDX,ENV,HighCorrxDIXHigh(l1),HighCorr,DIXHigh,63,187,29,True,-19.508,-14.785,-7.247,3.706,15.261,24.363,28.397,4.265,55.08
NDX,ENV,VolLowxDIXLow(l1),VolLow,DIXLow,1,127,25,True,-1.783,-1.53,-0.47,0.142,0.692,1.147,1.339,0.005,55.906
NDX,ENV,VolLowxDIXLow(l1),VolLow,DIXLow,2,127,25,True,-2.471,-1.54,-0.71,0.223,1.057,1.683,2.136,0.086,55.906
NDX,ENV,VolLowxDIXLow(l1),VolLow,DIXLow,3,127,25,True,-3.094,-2.062,-0.886,0.401,1.209,1.917,2.361,0.09,58.268
NDX,ENV,VolLowxDIXLow(l1),VolLow,DIXLow,5,127,25,True,-3.323,-2.206,-1.025,0.333,1.493,2.584,3.287,0.197,60.63
NDX,ENV,VolLowxDIXLow(l1),VolLow,DIXLow,10,127,25,True,-4.102,-3.217,-1.479,0.436,1.593,3.277,3.922,0.133,56.693
NDX,ENV,VolLowxDIXLow(l1),VolLow,DIXLow,15,127,25,True,-4.533,-3.764,-1.82,1.595,3.149,4.519,5.018,0.792,65.354
NDX,ENV,VolLowxDIXLow(l1),VolLow,DIXLow,21,127,25,True,-5.184,-4.155,-1.308,1.493,3.815,6.232,7.256,1.269,66.142
NDX,ENV,VolLowxDIXLow(l1),VolLow,DIXLow,42,127,25,True,-7.706,-4.916,-1.861,2.49,4.812,8.207,13.452,2.07,66.929
NDX,ENV,VolLowxDIXLow(l1),VolLow,DIXLow,63,127,25,True,-6.776,-4.055,1.113,4.201,7.845,11.238,12.956,3.908,80.315
NDX,ENV,VolLowxDIXMid(l1),VolLow,DIXMid,1,263,54,True,-1.378,-1.061,-0.452,0.119,0.747,1.175,1.573,0.109,58.935
NDX,ENV,VolLowxDIXMid(l1),VolLow,DIXMid,2,262,54,True,-2.129,-1.589,-0.59,0.249,1.013,1.605,1.892,0.158,60.305
NDX,ENV,VolLowxDIXMid(l1),VolLow,DIXMid,3,261,54,True,-2.555,-1.87,-0.787,0.353,1.235,1.991,2.549,0.188,58.621
NDX,ENV,VolLowxDIXMid(l1),VolLow,DIXMid,5,261,54,True,-2.819,-2.337,-1.121,0.43,1.679,2.633,3.229,0.266,58.621
NDX,ENV,VolLowxDIXMid(l1),VolLow,DIXMid,10,261,54,True,-4.605,-3.474,-0.748,1.555,3.197,4.236,5.024,0.99,68.582
NDX,ENV,VolLowxDIXMid(l1),VolLow,DIXMid,15,261,54,True,-4.862,-3.841,-0.688,1.735,3.634,4.871,5.76,1.248,70.881
NDX,ENV,VolLowxDIXMid(l1),VolLow,DIXMid,21,261,54,True,-4.3,-3.196,-0.31,2.458,4.659,6.571,7.773,2.14,73.18
NDX,ENV,VolLowxDIXMid(l1),VolLow,DIXMid,42,261,54,True,-6.298,-4.007,-0.367,4.974,8.731,11.805,13.672,3.957,72.414
NDX,ENV,VolLowxDIXMid(l1),VolLow,DIXMid,63,261,54,True,-9.869,-4.529,1.522,6.051,10.129,14.315,17.807,5.3,81.609
NDX,ENV,VolLowxDIXHigh(l1),VolLow,DIXHigh,1,173,32,True,-1.559,-0.963,-0.333,0.104,0.618,1.084,1.276,0.079,58.382
NDX,ENV,VolLowxDIXHigh(l1),VolLow,DIXHigh,2,173,32,True,-2.13,-1.608,-0.524,0.299,1.029,1.746,2.078,0.203,58.382
NDX,ENV,VolLowxDIXHigh(l1),VolLow,DIXHigh,3,173,32,True,-2.601,-1.98,-0.6,0.509,1.388,2.348,2.902,0.334,62.428
NDX,ENV,VolLowxDIXHigh(l1),VolLow,DIXHigh,5,173,32,True,-2.911,-2.193,-0.711,0.704,1.924,3.308,3.832,0.638,64.74
NDX,ENV,VolLowxDIXHigh(l1),VolLow,DIXHigh,10,173,32,True,-4.112,-2.544,-0.446,1.541,2.919,4.28,5.116,1.151,68.208
NDX,ENV,VolLowxDIXHigh(l1),VolLow,DIXHigh,15,173,32,True,-5.02,-2.165,0.409,2.244,4.412,5.623,7.713,1.912,78.035
NDX,ENV,VolLowxDIXHigh(l1),VolLow,DIXHigh,21,173,32,True,-5.852,-2.947,0.906,3.038,5.176,6.649,8.766,2.548,80.347
NDX,ENV,VolLowxDIXHigh(l1),VolLow,DIXHigh,42,173,32,True,-8.558,-4.72,0.267,4.83,7.652,11.593,14.697,3.596,76.301
NDX,ENV,VolLowxDIXHigh(l1),VolLow,DIXHigh,63,173,32,True,-11.471,-10.02,-2.015,5.38,9.154,13.941,15.921,3.584,68.786
NDX,ENV,VolMidxDIXLow(l1),VolMid,DIXLow,1,214,30,True,-2.063,-1.678,-0.484,0.245,0.938,1.519,1.876,0.099,58.879
NDX,ENV,VolMidxDIXLow(l1),VolMid,DIXLow,2,214,30,True,-2.695,-2.146,-0.837,0.293,1.353,2.222,2.878,0.183,58.411
NDX,ENV,VolMidxDIXLow(l1),VolMid,DIXLow,3,214,30,True,-3.348,-2.359,-1.198,0.29,1.778,2.705,3.685,0.241,55.607
NDX,ENV,VolMidxDIXLow(l1),VolMid,DIXLow,5,214,30,True,-4.447,-3.237,-1.235,0.596,2.173,3.662,4.592,0.343,56.542
NDX,ENV,VolMidxDIXLow(l1),VolMid,DIXLow,10,214,30,True,-6.246,-4.676,-1.722,0.991,3.013,4.85,6.122,0.594,61.215
NDX,ENV,VolMidxDIXLow(l1),VolMid,DIXLow,15,214,30,True,-7.881,-5.275,-1.355,0.766,3.532,5.754,6.945,0.624,58.411
NDX,ENV,VolMidxDIXLow(l1),VolMid,DIXLow,21,214,30,True,-7.173,-5.745,-2.892,0.396,3.785,7.17,10.629,0.698,54.673
NDX,ENV,VolMidxDIXLow(l1),VolMid,DIXLow,42,214,30,True,-7.511,-4.854,-0.822,2.213,7.912,12.026,18.339,3.591,70.093
NDX,ENV,VolMidxDIXLow(l1),VolMid,DIXLow,63,214,30,True,-5.293,-3.488,-0.271,4.034,13.997,19.999,21.649,6.17,73.832
NDX,ENV,VolMidxDIXMid(l1),VolMid,DIXMid,1,228,50,True,-2.36,-1.427,-0.656,0.133,0.774,1.53,2.2,0.048,56.579
NDX,ENV,VolMidxDIXMid(l1),VolMid,DIXMid,2,228,50,True,-3.131,-2.228,-0.917,0.236,1.357,2.14,2.912,0.154,58.772
NDX,ENV,VolMidxDIXMid(l1),VolMid,DIXMid,3,228,50,True,-3.736,-2.792,-1.106,0.666,1.602,2.784,3.664,0.271,61.404
NDX,ENV,VolMidxDIXMid(l1),VolMid,DIXMid,5,226,50,True,-5.5,-4.007,-1.26,0.856,2.484,4.07,5.16,0.42,64.159
NDX,ENV,VolMidxDIXMid(l1),VolMid,DIXMid,10,224,50,True,-7.898,-6.68,-1.357,1.904,3.925,6.071,7.392,0.961,66.071
NDX,ENV,VolMidxDIXMid(l1),VolMid,DIXMid,15,224,50,True,-9.295,-6.31,-1.663,2.931,4.656,7.335,8.774,1.593,70.089
NDX,ENV,VolMidxDIXMid(l1),VolMid,DIXMid,21,224,50,True,-9.159,-6.143,-1.123,3.954,6.618,9.818,11.829,2.687,70.536
NDX,ENV,VolMidxDIXMid(l1),VolMid,DIXMid,42,224,50,True,-13.967,-9.729,1.892,6.629,9.87,11.818,13.672,4.602,81.25
NDX,ENV,VolMidxDIXMid(l1),VolMid,DIXMid,63,224,50,True,-10.377,-7.98,1.547,6.548,13.167,18.07,20.665,6.235,76.786
NDX,ENV,VolMidxDIXHigh(l1),VolMid,DIXHigh,1,220,33,True,-1.968,-1.483,-0.727,0.244,1.028,1.953,2.361,0.194,57.727
NDX,ENV,VolMidxDIXHigh(l1),VolMid,DIXHigh,2,220,33,True,-2.843,-2.314,-1.035,0.419,1.641,2.771,3.162,0.282,58.636
NDX,ENV,VolMidxDIXHigh(l1),VolMid,DIXHigh,3,220,33,True,-3.623,-2.989,-0.856,0.425,1.992,3.141,4.178,0.398,59.545
NDX,ENV,VolMidxDIXHigh(l1),VolMid,DIXHigh,5,220,33,True,-4.787,-3.716,-1.062,0.963,2.683,4.32,5.004,0.557,61.818
NDX,ENV,VolMidxDIXHigh(l1),VolMid,DIXHigh,10,220,33,True,-7.949,-4.622,-1.086,1.754,3.922,5.784,6.927,1.103,70.0
NDX,ENV,VolMidxDIXHigh(l1),VolMid,DIXHigh,15,220,33,True,-9.763,-6.589,-2.148,2.87,5.537,7.719,9.533,1.347,67.727
NDX,ENV,VolMidxDIXHigh(l1),VolMid,DIXHigh,21,220,33,True,-12.633,-9.875,-3.275,3.454,6.059,9.123,10.134,0.863,62.727
NDX,ENV,VolMidxDIXHigh(l1),VolMid,DIXHigh,42,220,33,True,-16.226,-13.068,-6.924,3.991,8.421,12.094,13.442,1.234,65.0
NDX,ENV,VolMidxDIXHigh(l1),VolMid,DIXHigh,63,220,33,True,-15.229,-11.913,-4.358,7.613,12.926,17.025,19.891,4.44,63.182
NDX,ENV,VolHighxDIXLow(l1),VolHigh,DIXLow,1,143,30,True,-3.19,-2.036,-1.213,0.111,1.344,2.762,3.395,0.259,53.147
NDX,ENV,VolHighxDIXLow(l1),VolHigh,DIXLow,2,143,30,True,-4.018,-3.125,-1.441,0.575,1.848,3.733,4.86,0.369,60.14
NDX,ENV,VolHighxDIXLow(l1),VolHigh,DIXLow,3,143,30,True,-4.336,-3.314,-1.561,0.732,2.258,4.228,6.035,0.542,59.441
NDX,ENV,VolHighxDIXLow(l1),VolHigh,DIXLow,5,143,30,True,-4.887,-4.077,-2.013,0.729,3.117,5.422,7.142,0.67,56.643
NDX,ENV,VolHighxDIXLow(l1),VolHigh,DIXLow,10,143,30,True,-6.5,-4.463,-2.365,1.184,3.954,7.066,9.46,0.899,57.343
NDX,ENV,VolHighxDIXLow(l1),VolHigh,DIXLow,15,143,30,True,-6.351,-4.633,-1.51,1.234,3.995,11.533,13.566,1.679,58.741
NDX,ENV,VolHighxDIXLow(l1),VolHigh,DIXLow,21,143,30,True,-9.88,-5.132,-2.477,1.502,5.426,13.751,16.954,2.407,65.734
NDX,ENV,VolHighxDIXLow(l1),VolHigh,DIXLow,42,127,30,True,-9.802,-7.53,-0.975,3.292,9.036,19.875,27.454,4.862,70.079
NDX,ENV,VolHighxDIXLow(l1),VolHigh,DIXLow,63,109,30,True,-10.063,-7.953,0.674,8.721,14.302,24.856,33.613,9.208,77.064
NDX,ENV,VolHighxDIXMid(l1),VolHigh,DIXMid,1,181,43,True,-3.038,-2.21,-0.849,-0.003,1.157,2.069,2.607,-0.033,49.724
NDX,ENV,VolHighxDIXMid(l1),VolHigh,DIXMid,2,181,43,True,-4.518,-2.905,-1.564,0.231,1.617,2.801,3.428,0.024,53.039
NDX,ENV,VolHighxDIXMid(l1),VolHigh,DIXMid,3,181,43,True,-4.969,-3.535,-1.614,0.128,1.822,3.738,4.814,0.08,53.039
NDX,ENV,VolHighxDIXMid(l1),VolHigh,DIXMid,5,181,43,True,-5.882,-3.727,-1.699,0.49,2.438,5.179,6.465,0.293,53.591
NDX,ENV,VolHighxDIXMid(l1),VolHigh,DIXMid,10,178,43,True,-7.435,-5.901,-3.03,0.493,4.323,7.439,8.305,0.476,53.371
NDX,ENV,VolHighxDIXMid(l1),VolHigh,DIXMid,15,173,43,True,-9.521,-8.147,-4.664,1.701,5.526,9.176,10.217,0.667,58.96
NDX,ENV,VolHighxDIXMid(l1),VolHigh,DIXMid,21,167,43,True,-13.19,-9.39,-4.566,1.452,6.376,10.359,14.118,1.19,58.084
NDX,ENV,VolHighxDIXMid(l1),VolHigh,DIXMid,42,162,43,True,-14.27,-7.6,-0.848,4.708,8.596,15.515,18.105,3.869,70.988
NDX,ENV,VolHighxDIXMid(l1),VolHigh,DIXMid,63,159,43,True,-9.992,-7.738,1.959,8.566,13.235,17.337,22.64,7.297,78.616
NDX,ENV,VolHighxDIXHigh(l1),VolHigh,DIXHigh,1,214,24,True,-3.689,-2.656,-1.139,0.115,1.28,2.162,3.298,0.029,52.336
NDX,ENV,VolHighxDIXHigh(l1),VolHigh,DIXHigh,2,214,24,True,-4.493,-3.284,-1.626,0.422,2.058,3.141,3.723,0.112,55.607
NDX,ENV,VolHighxDIXHigh(l1),VolHigh,DIXHigh,3,214,24,True,-5.659,-4.05,-1.725,0.468,2.397,4.273,5.239,0.216,56.542
NDX,ENV,VolHighxDIXHigh(l1),VolHigh,DIXHigh,5,214,24,True,-7.163,-4.861,-2.174,0.96,3.173,5.689,7.232,0.508,60.28
NDX,ENV,VolHighxDIXHigh(l1),VolHigh,DIXHigh,10,214,24,True,-8.523,-6.641,-3.305,2.269,5.006,7.423,8.474,1.024,61.215
NDX,ENV,VolHighxDIXHigh(l1),VolHigh,DIXHigh,15,214,24,True,-8.982,-7.675,-3.268,2.565,6.529,9.13,10.603,1.607,63.551
NDX,ENV,VolHighxDIXHigh(l1),VolHigh,DIXHigh,21,214,24,True,-11.673,-8.974,-3.21,4.676,7.953,10.522,12.937,2.389,66.355
NDX,ENV,VolHighxDIXHigh(l1),VolHigh,DIXHigh,42,214,24,True,-15.744,-11.378,-2.598,5.377,13.597,17.738,21.132,4.767,67.757
NDX,ENV,VolHighxDIXHigh(l1),VolHigh,DIXHigh,63,214,24,True,-19.273,-16.304,-7.987,6.506,14.085,23.799,26.764,4.301,60.748
SPX,ENV,LowCorr,LowCorr,,1,711,38,True,-1.383,-0.892,-0.361,0.069,0.539,0.935,1.188,0.044,55.274
SPX,ENV,LowCorr,LowCorr,,2,710,38,True,-1.85,-1.36,-0.533,0.188,0.739,1.338,1.693,0.081,56.056
SPX,ENV,LowCorr,LowCorr,,3,709,38,True,-2.018,-1.623,-0.679,0.194,0.977,1.578,2.081,0.123,55.994
SPX,ENV,LowCorr,LowCorr,,5,707,38,True,-2.576,-2.056,-0.787,0.35,1.309,2.096,2.649,0.216,58.416
SPX,ENV,LowCorr,LowCorr,,10,702,38,True,-3.641,-2.683,-0.932,0.619,1.976,3.08,3.607,0.384,60.541
SPX,ENV,LowCorr,LowCorr,,15,697,38,True,-4.283,-3.19,-1.197,1.027,2.433,3.549,4.155,0.553,63.558
SPX,ENV,LowCorr,LowCorr,,21,691,38,True,-4.54,-3.471,-0.99,1.229,3.087,4.283,5.17,0.855,65.268
SPX,ENV,LowCorr,LowCorr,,42,670,38,True,-6.032,-3.535,0.252,2.668,4.977,7.418,8.856,2.239,76.567
SPX,ENV,LowCorr,LowCorr,,63,649,38,True,-6.035,-3.563,1.624,4.497,6.603,9.855,10.904,3.817,81.048
SPX,ENV,MidCorr,MidCorr,,1,401,51,True,-1.533,-1.122,-0.388,0.117,0.755,1.409,1.613,0.111,56.11
SPX,ENV,MidCorr,MidCorr,,2,401,51,True,-2.118,-1.583,-0.421,0.255,1.083,1.843,2.254,0.222,62.095
SPX,ENV,MidCorr,MidCorr,,3,401,51,True,-2.932,-1.907,-0.503,0.446,1.273,2.192,2.817,0.3,63.342
SPX,ENV,MidCorr,MidCorr,,5,401,51,True,-3.071,-2.34,-0.665,0.548,1.618,2.949,3.796,0.424,64.339
SPX,ENV,MidCorr,MidCorr,,10,401,51,True,-4.618,-2.746,-0.767,1.103,2.677,4.026,4.819,0.831,67.082
SPX,ENV,MidCorr,MidCorr,,15,401,51,True,-5.907,-4.013,-0.472,1.644,3.405,4.906,5.925,1.13,71.072
SPX,ENV,MidCorr,MidCorr,,21,401,51,True,-7.989,-5.138,-0.522,1.993,4.516,5.992,7.162,1.386,72.319
SPX,ENV,MidCorr,MidCorr,,42,401,51,True,-11.235,-7.528,-0.04,4.447,6.676,8.616,10.152,2.678,74.564
SPX,ENV,MidCorr,MidCorr,,63,401,51,True,-9.901,-7.314,-1.393,5.998,9.264,11.845,13.0,3.947,72.07
SPX,ENV,HighCorr,HighCorr,,1,314,14,True,-2.468,-1.628,-0.763,0.036,0.907,1.833,2.477,0.039,50.637
SPX,ENV,HighCorr,HighCorr,,2,314,14,True,-3.555,-2.5,-1.352,0.261,1.464,2.446,3.225,0.092,56.688
SPX,ENV,HighCorr,HighCorr,,3,314,14,True,-4.215,-2.843,-1.247,0.415,1.788,3.032,4.06,0.177,57.325
SPX,ENV,HighCorr,HighCorr,,5,314,14,True,-5.109,-3.553,-1.605,0.523,2.582,4.059,5.189,0.357,58.599
SPX,ENV,HighCorr,HighCorr,,10,314,14,True,-7.381,-4.664,-1.548,1.398,3.774,5.669,7.104,0.8,62.42
SPX,ENV,HighCorr,HighCorr,,15,314,14,True,-7.53,-6.108,-2.482,2.259,4.859,7.327,8.425,1.389,68.471
SPX,ENV,HighCorr,HighCorr,,21,314,14,True,-8.234,-6.517,-2.36,3.367,6.023,8.501,10.353,2.03,68.471
SPX,ENV,HighCorr,HighCorr,,42,314,14,True,-8.659,-6.197,-1.682,3.603,6.995,11.37,13.719,2.787,67.516
SPX,ENV,HighCorr,HighCorr,,63,314,14,True,-13.133,-7.191,-2.651,4.82,8.796,11.758,15.212,3.184,65.924
SPX,ENV,LowCorrxDIXLow(l1),LowCorr,DIXLow,1,292,42,True,-1.432,-1.019,-0.312,0.059,0.511,0.937,1.198,0.043,54.795
SPX,ENV,LowCorrxDIXLow(l1),LowCorr,DIXLow,2,292,42,True,-1.763,-1.375,-0.479,0.195,0.692,1.28,1.662,0.082,56.849
SPX,ENV,LowCorrxDIXLow(l1),LowCorr,DIXLow,3,292,42,True,-1.95,-1.63,-0.657,0.206,0.905,1.372,1.924,0.093,55.479
SPX,ENV,LowCorrxDIXLow(l1),LowCorr,DIXLow,5,292,42,True,-2.913,-2.272,-0.944,0.254,1.26,2.032,2.605,0.122,56.164
SPX,ENV,LowCorrxDIXLow(l1),LowCorr,DIXLow,10,291,42,True,-3.423,-2.55,-0.963,0.588,1.97,2.922,3.487,0.368,58.076
SPX,ENV,LowCorrxDIXLow(l1),LowCorr,DIXLow,15,291,42,True,-4.025,-3.218,-1.285,1.063,2.327,3.128,4.159,0.479,63.23
SPX,ENV,LowCorrxDIXLow(l1),LowCorr,DIXLow,21,291,42,True,-4.296,-3.515,-1.52,0.677,2.793,3.926,4.771,0.492,58.419
SPX,ENV,LowCorrxDIXLow(l1),LowCorr,DIXLow,42,273,42,True,-5.203,-2.398,0.388,2.225,3.941,6.1,7.714,1.829,78.022
SPX,ENV,LowCorrxDIXLow(l1),LowCorr,DIXLow,63,252,42,True,-4.562,-1.397,2.387,4.19,5.874,8.449,10.24,3.777,87.698
SPX,ENV,LowCorrxDIXMid(l1),LowCorr,DIXMid,1,274,65,True,-1.386,-0.805,-0.449,0.073,0.555,0.87,1.092,0.011,54.38
SPX,ENV,LowCorrxDIXMid(l1),LowCorr,DIXMid,2,273,65,True,-1.88,-1.337,-0.591,0.063,0.752,1.316,1.619,0.029,52.381
SPX,ENV,LowCorrxDIXMid(l1),LowCorr,DIXMid,3,272,65,True,-2.108,-1.686,-0.737,0.119,0.895,1.599,2.235,0.072,53.309
SPX,ENV,LowCorrxDIXMid(l1),LowCorr,DIXMid,5,270,65,True,-2.273,-1.937,-0.737,0.315,1.292,2.164,2.884,0.255,57.407
SPX,ENV,LowCorrxDIXMid(l1),LowCorr,DIXMid,10,266,65,True,-4.001,-2.834,-0.882,0.681,1.988,3.329,4.084,0.399,61.654
SPX,ENV,LowCorrxDIXMid(l1),LowCorr,DIXMid,15,261,65,True,-4.016,-2.815,-0.949,0.996,2.437,3.773,4.308,0.687,63.985
SPX,ENV,LowCorrxDIXMid(l1),LowCorr,DIXMid,21,255,65,True,-4.728,-3.232,-0.548,1.68,3.271,4.682,5.309,1.15,70.196
SPX,ENV,LowCorrxDIXMid(l1),LowCorr,DIXMid,42,252,65,True,-8.685,-5.595,-0.64,3.441,5.733,8.15,9.134,2.203,71.825
SPX,ENV,LowCorrxDIXMid(l1),LowCorr,DIXMid,63,252,65,True,-6.454,-4.532,0.573,4.904,8.331,10.483,11.737,4.03,76.587
SPX,ENV,LowCorrxDIXHigh(l1),LowCorr,DIXHigh,1,144,27,True,-1.09,-0.767,-0.333,0.073,0.533,0.984,1.358,0.106,57.639
SPX,ENV,LowCorrxDIXHigh(l1),LowCorr,DIXHigh,2,144,27,True,-1.902,-1.309,-0.523,0.356,0.865,1.525,1.821,0.186,61.806
SPX,ENV,LowCorrxDIXHigh(l1),LowCorr,DIXHigh,3,144,27,True,-1.947,-1.507,-0.673,0.456,1.22,1.698,2.148,0.283,62.5
SPX,ENV,LowCorrxDIXHigh(l1),LowCorr,DIXHigh,5,144,27,True,-2.901,-1.963,-0.676,0.727,1.52,2.203,2.57,0.321,64.583
SPX,ENV,LowCorrxDIXHigh(l1),LowCorr,DIXHigh,10,144,27,True,-3.872,-2.924,-0.81,0.613,1.975,3.073,3.365,0.378,63.194
SPX,ENV,LowCorrxDIXHigh(l1),LowCorr,DIXHigh,15,144,27,True,-5.31,-3.514,-1.353,1.021,2.565,3.617,4.061,0.443,63.194
SPX,ENV,LowCorrxDIXHigh(l1),LowCorr,DIXHigh,21,144,27,True,-4.689,-3.785,-0.773,1.694,3.379,4.239,5.108,1.067,70.139
SPX,ENV,LowCorrxDIXHigh(l1),LowCorr,DIXHigh,42,144,27,True,-1.889,-0.757,0.686,2.992,5.519,7.586,8.919,3.08,81.944
SPX,ENV,LowCorrxDIXHigh(l1),LowCorr,DIXHigh,63,144,27,True,-5.663,-3.543,0.847,4.657,6.271,9.235,10.386,3.483,77.083
SPX,ENV,MidCorrxDIXLow(l1),MidCorr,DIXLow,1,82,21,True,-1.772,-1.317,-0.511,0.089,0.79,1.365,1.556,0.081,54.878
SPX,ENV,MidCorrxDIXLow(l1),MidCorr,DIXLow,2,82,21,True,-2.117,-1.423,-0.762,0.231,1.244,2.043,2.559,0.253,56.098
SPX,ENV,MidCorrxDIXLow(l1),MidCorr,DIXLow,3,82,21,True,-2.931,-1.825,-0.641,0.608,1.709,2.613,3.181,0.453,64.634
SPX,ENV,MidCorrxDIXLow(l1),MidCorr,DIXLow,5,82,21,True,-3.05,-2.224,-0.675,0.704,1.983,3.738,4.296,0.617,64.634
SPX,ENV,MidCorrxDIXLow(l1),MidCorr,DIXLow,10,82,21,True,-2.652,-2.184,-0.626,1.083,2.866,4.263,5.46,1.251,64.634
SPX,ENV,MidCorrxDIXLow(l1),MidCorr,DIXLow,15,82,21,True,-2.259,-1.489,0.141,2.151,3.651,5.752,7.142,2.22,80.488
SPX,ENV,MidCorrxDIXLow(l1),MidCorr,DIXLow,21,82,21,True,-5.704,-1.257,0.667,1.978,5.097,8.175,8.69,2.442,81.707
SPX,ENV,MidCorrxDIXLow(l1),MidCorr,DIXLow,42,82,21,True,-1.425,0.425,3.245,5.97,8.17,11.933,14.27,6.06,91.463
SPX,ENV,MidCorrxDIXLow(l1),MidCorr,DIXLow,63,82,21,True,-2.84,0.655,4.289,7.646,10.705,12.525,14.757,7.124,90.244
SPX,ENV,MidCorrxDIXMid(l1),MidCorr,DIXMid,1,159,38,True,-1.223,-0.899,-0.269,0.122,0.579,1.154,1.538,0.133,57.233
SPX,ENV,MidCorrxDIXMid(l1),MidCorr,DIXMid,2,159,38,True,-1.959,-1.301,-0.254,0.265,0.81,1.479,1.944,0.188,66.667
SPX,ENV,MidCorrxDIXMid(l1),MidCorr,DIXMid,3,159,38,True,-2.343,-1.428,-0.347,0.315,0.931,2.03,2.341,0.226,66.667
SPX,ENV,MidCorrxDIXMid(l1),MidCorr,DIXMid,5,159,38,True,-3.163,-2.213,-0.625,0.403,1.323,2.614,3.076,0.248,62.893
SPX,ENV,MidCorrxDIXMid(l1),MidCorr,DIXMid,10,159,38,True,-4.625,-3.468,-0.633,0.841,2.179,4.273,4.831,0.73,67.925
SPX,ENV,MidCorrxDIXMid(l1),MidCorr,DIXMid,15,159,38,True,-6.728,-4.03,-0.319,1.582,3.113,5.046,5.71,0.931,69.811
SPX,ENV,MidCorrxDIXMid(l1),MidCorr,DIXMid,21,159,38,True,-6.256,-4.259,0.536,2.284,4.381,5.865,6.528,1.648,77.987
SPX,ENV,MidCorrxDIXMid(l1),MidCorr,DIXMid,42,159,38,True,-10.066,-6.558,0.976,5.029,6.602,8.326,9.378,2.977,77.987
SPX,ENV,MidCorrxDIXMid(l1),MidCorr,DIXMid,63,159,38,True,-7.363,-4.346,1.398,7.26,9.792,12.198,13.165,5.193,77.358
SPX,ENV,MidCorrxDIXHigh(l1),MidCorr,DIXHigh,1,160,33,True,-1.775,-1.353,-0.451,0.12,0.813,1.464,1.683,0.104,55.625
SPX,ENV,MidCorrxDIXHigh(l1),MidCorr,DIXHigh,2,160,33,True,-2.252,-1.876,-0.441,0.243,1.162,2.053,2.345,0.239,60.625
SPX,ENV,MidCorrxDIXHigh(l1),MidCorr,DIXHigh,3,160,33,True,-3.104,-2.218,-0.648,0.474,1.45,2.314,2.979,0.295,59.375
SPX,ENV,MidCorrxDIXHigh(l1),MidCorr,DIXHigh,5,160,33,True,-2.879,-2.394,-0.692,0.621,1.796,3.123,3.783,0.498,65.625
SPX,ENV,MidCorrxDIXHigh(l1),MidCorr,DIXHigh,10,160,33,True,-5.469,-3.191,-0.998,1.413,2.938,3.669,4.315,0.717,67.5
SPX,ENV,MidCorrxDIXHigh(l1),MidCorr,DIXHigh,15,160,33,True,-6.167,-4.895,-1.938,1.63,3.362,4.804,5.608,0.768,67.5
SPX,ENV,MidCorrxDIXHigh(l1),MidCorr,DIXHigh,21,160,33,True,-8.649,-7.277,-2.316,1.523,4.289,5.677,6.292,0.584,61.875
SPX,ENV,MidCorrxDIXHigh(l1),MidCorr,DIXHigh,42,160,33,True,-12.376,-10.161,-2.25,1.968,5.52,8.229,8.958,0.647,62.5
SPX,ENV,MidCorrxDIXHigh(l1),MidCorr,DIXHigh,63,160,33,True,-11.261,-9.438,-6.259,2.917,7.973,10.124,11.741,1.082,57.5
SPX,ENV,HighCorrxDIXMid(l1),HighCorr,DIXMid,1,87,19,True,-2.491,-2.142,-0.801,0.246,1.197,2.468,2.629,0.254,55.172
SPX,ENV,HighCorrxDIXMid(l1),HighCorr,DIXMid,2,87,19,True,-3.394,-2.547,-0.889,0.535,1.665,3.212,4.067,0.428,63.218
SPX,ENV,HighCorrxDIXMid(l1),HighCorr,DIXMid,3,87,19,True,-4.167,-2.663,-0.891,0.83,2.103,4.059,5.068,0.515,60.92
SPX,ENV,HighCorrxDIXMid(l1),HighCorr,DIXMid,5,87,19,True,-3.998,-3.021,-0.799,1.385,3.604,4.644,5.831,0.997,60.92
SPX,ENV,HighCorrxDIXMid(l1),HighCorr,DIXMid,10,87,19,True,-5.413,-3.682,-1.248,1.729,3.953,5.687,7.335,1.342,66.667
SPX,ENV,HighCorrxDIXMid(l1),HighCorr,DIXMid,15,87,19,True,-5.986,-4.97,-0.285,2.929,5.163,7.93,8.754,2.206,73.563
SPX,ENV,HighCorrxDIXMid(l1),HighCorr,DIXMid,21,87,19,True,-5.6,-2.893,0.137,3.779,7.52,9.598,11.299,3.701,75.862
SPX,ENV,HighCorrxDIXMid(l1),HighCorr,DIXMid,42,87,19,True,-7.49,-3.566,0.993,4.8,7.749,11.761,13.999,4.398,78.161
SPX,ENV,HighCorrxDIXMid(l1),HighCorr,DIXMid,63,87,19,True,-8.315,-5.963,0.098,7.057,10.323,16.06,19.781,5.716,75.862
SPX,ENV,HighCorrxDIXHigh(l1),HighCorr,DIXHigh,1,209,22,True,-2.625,-1.605,-0.763,-0.082,0.711,1.517,2.21,-0.077,46.411
SPX,ENV,HighCorrxDIXHigh(l1),HighCorr,DIXHigh,2,209,22,True,-3.715,-2.585,-1.404,0.113,1.382,2.206,2.767,-0.088,53.11
SPX,ENV,HighCorrxDIXHigh(l1),HighCorr,DIXHigh,3,209,22,True,-4.366,-3.037,-1.499,0.203,1.594,2.669,3.877,-0.01,55.502
SPX,ENV,HighCorrxDIXHigh(l1),HighCorr,DIXHigh,5,209,22,True,-5.378,-3.936,-1.889,0.449,1.921,3.859,4.921,0.02,55.981
SPX,ENV,HighCorrxDIXHigh(l1),HighCorr,DIXHigh,10,209,22,True,-8.612,-5.66,-2.065,1.024,3.371,5.499,6.251,0.386,59.809
SPX,ENV,HighCorrxDIXHigh(l1),HighCorr,DIXHigh,15,209,22,True,-7.649,-6.751,-3.649,2.179,4.642,6.406,7.854,0.934,65.55
SPX,ENV,HighCorrxDIXHigh(l1),HighCorr,DIXHigh,21,209,22,True,-8.903,-7.964,-4.316,3.278,5.4,7.016,8.362,1.148,64.593
SPX,ENV,HighCorrxDIXHigh(l1),HighCorr,DIXHigh,42,209,22,True,-9.711,-7.667,-1.907,2.838,6.478,10.116,11.642,2.045,64.593
SPX,ENV,HighCorrxDIXHigh(l1),HighCorr,DIXHigh,63,209,22,True,-14.183,-6.117,-3.148,3.756,7.876,11.005,11.931,2.279,63.158
SPX,ENV,VolLowxDIXLow(l1),VolLow,DIXLow,1,144,26,True,-1.372,-0.901,-0.323,0.049,0.459,0.836,1.037,-0.003,51.389
SPX,ENV,VolLowxDIXLow(l1),VolLow,DIXLow,2,144,26,True,-1.579,-1.181,-0.505,0.177,0.655,1.149,1.346,0.04,56.944
SPX,ENV,VolLowxDIXLow(l1),VolLow,DIXLow,3,144,26,True,-2.183,-1.653,-0.658,0.223,0.897,1.224,1.369,0.041,54.167
SPX,ENV,VolLowxDIXLow(l1),VolLow,DIXLow,5,144,26,True,-2.995,-2.33,-0.757,0.243,1.13,1.778,2.22,0.084,56.944
SPX,ENV,VolLowxDIXLow(l1),VolLow,DIXLow,10,144,26,True,-3.278,-2.358,-0.979,0.661,1.915,2.815,3.256,0.386,59.028
SPX,ENV,VolLowxDIXLow(l1),VolLow,DIXLow,15,144,26,True,-3.511,-2.998,-1.432,1.29,2.623,3.299,3.949,0.681,67.361
SPX,ENV,VolLowxDIXLow(l1),VolLow,DIXLow,21,144,26,True,-3.813,-3.093,-1.496,0.74,3.007,4.395,5.293,0.691,57.639
SPX,ENV,VolLowxDIXLow(l1),VolLow,DIXLow,42,142,26,True,-1.949,-1.02,0.627,2.172,3.508,6.489,7.663,2.257,82.394
SPX,ENV,VolLowxDIXLow(l1),VolLow,DIXLow,63,142,26,True,-5.936,-1.929,2.662,4.34,5.94,8.449,10.274,3.884,88.732
SPX,ENV,VolLowxDIXMid(l1),VolLow,DIXMid,1,248,51,True,-1.377,-0.883,-0.453,0.07,0.509,0.841,1.078,0.002,54.032
SPX,ENV,VolLowxDIXMid(l1),VolLow,DIXMid,2,247,51,True,-1.885,-1.394,-0.589,0.096,0.691,1.227,1.521,0.013,54.656
SPX,ENV,VolLowxDIXMid(l1),VolLow,DIXMid,3,246,51,True,-2.183,-1.723,-0.554,0.131,0.824,1.538,1.846,0.051,54.065
SPX,ENV,VolLowxDIXMid(l1),VolLow,DIXMid,5,244,51,True,-2.457,-1.878,-0.724,0.122,1.174,1.929,2.302,0.158,55.738
SPX,ENV,VolLowxDIXMid(l1),VolLow,DIXMid,10,243,51,True,-3.258,-2.361,-0.666,0.68,1.828,2.638,3.378,0.399,63.786
SPX,ENV,VolLowxDIXMid(l1),VolLow,DIXMid,15,243,51,True,-3.711,-2.516,-0.568,0.881,2.118,3.438,3.986,0.662,65.844
SPX,ENV,VolLowxDIXMid(l1),VolLow,DIXMid,21,243,51,True,-3.365,-2.529,-0.405,1.612,3.032,4.24,5.088,1.253,71.605
SPX,ENV,VolLowxDIXMid(l1),VolLow,DIXMid,42,243,51,True,-5.737,-4.017,-0.624,3.197,5.705,8.039,8.607,2.631,72.016
SPX,ENV,VolLowxDIXMid(l1),VolLow,DIXMid,63,243,51,True,-6.049,-3.199,2.376,5.292,8.791,10.665,12.067,4.829,83.951
SPX,ENV,VolLowxDIXHigh(l1),VolLow,DIXHigh,1,149,27,True,-1.041,-0.757,-0.29,0.115,0.593,0.969,1.244,0.124,60.403
SPX,ENV,VolLowxDIXHigh(l1),VolLow,DIXHigh,2,149,27,True,-1.86,-1.133,-0.326,0.369,0.87,1.449,1.864,0.217,63.758
SPX,ENV,VolLowxDIXHigh(l1),VolLow,DIXHigh,3,149,27,True,-1.894,-1.419,-0.518,0.496,1.252,1.714,2.125,0.315,65.101
SPX,ENV,VolLowxDIXHigh(l1),VolLow,DIXHigh,5,149,27,True,-2.54,-1.828,-0.32,0.704,1.569,2.36,2.635,0.473,68.456
SPX,ENV,VolLowxDIXHigh(l1),VolLow,DIXHigh,10,149,27,True,-3.223,-1.984,-0.08,1.107,2.242,3.153,3.438,0.869,73.154
SPX,ENV,VolLowxDIXHigh(l1),VolLow,DIXHigh,15,149,27,True,-3.86,-2.596,0.092,1.684,3.082,4.204,4.757,1.254,75.839
SPX,ENV,VolLowxDIXHigh(l1),VolLow,DIXHigh,21,149,27,True,-3.509,-2.378,0.624,2.469,3.79,5.261,5.995,2.012,80.537
SPX,ENV,VolLowxDIXHigh(l1),VolLow,DIXHigh,42,149,27,True,-1.848,-0.548,1.209,4.181,6.431,8.927,9.564,3.965,82.55
SPX,ENV,VolLowxDIXHigh(l1),VolLow,DIXHigh,63,149,27,True,-4.405,-2.904,2.469,5.323,7.467,10.241,11.67,4.608,81.879
SPX,ENV,VolMidxDIXLow(l1),VolMid,DIXLow,1,183,35,True,-1.573,-1.237,-0.323,0.079,0.595,1.097,1.524,0.078,57.377
SPX,ENV,VolMidxDIXLow(l1),VolMid,DIXLow,2,183,35,True,-1.9,-1.597,-0.451,0.22,0.856,1.611,2.145,0.138,56.831
SPX,ENV,VolMidxDIXLow(l1),VolMid,DIXLow,3,183,35,True,-1.887,-1.611,-0.647,0.413,1.047,1.909,3.02,0.244,60.109
SPX,ENV,VolMidxDIXLow(l1),VolMid,DIXLow,5,183,35,True,-2.626,-2.14,-0.996,0.387,1.556,2.349,3.51,0.293,56.831
SPX,ENV,VolMidxDIXLow(l1),VolMid,DIXLow,10,182,35,True,-3.452,-2.548,-0.634,0.754,2.351,3.492,4.151,0.657,59.89
SPX,ENV,VolMidxDIXLow(l1),VolMid,DIXLow,15,182,35,True,-4.24,-2.848,-0.693,1.369,2.798,4.169,4.998,1.048,69.78
SPX,ENV,VolMidxDIXLow(l1),VolMid,DIXLow,21,182,35,True,-4.33,-2.803,-0.778,1.197,3.192,5.357,7.618,1.311,68.681
SPX,ENV,VolMidxDIXLow(l1),VolMid,DIXLow,42,168,35,True,-6.268,-4.05,0.383,3.376,6.286,9.271,11.129,3.185,79.167
SPX,ENV,VolMidxDIXLow(l1),VolMid,DIXLow,63,165,35,True,-2.901,-1.195,2.681,4.96,8.172,11.482,12.308,5.179,87.273
SPX,ENV,VolMidxDIXMid(l1),VolMid,DIXMid,1,179,44,True,-1.382,-1.117,-0.414,0.041,0.579,1.113,1.445,0.035,52.514
SPX,ENV,VolMidxDIXMid(l1),VolMid,DIXMid,2,179,44,True,-2.138,-1.41,-0.548,0.167,0.773,1.469,1.856,0.037,56.425
SPX,ENV,VolMidxDIXMid(l1),VolMid,DIXMid,3,179,44,True,-2.64,-2.038,-0.798,0.267,0.84,1.786,2.405,0.069,60.894
SPX,ENV,VolMidxDIXMid(l1),VolMid,DIXMid,5,179,44,True,-3.855,-2.392,-1.016,0.564,1.416,2.637,3.024,0.189,61.453
SPX,ENV,VolMidxDIXMid(l1),VolMid,DIXMid,10,176,44,True,-5.691,-4.087,-1.266,1.008,2.966,4.289,4.746,0.453,61.932
SPX,ENV,VolMidxDIXMid(l1),VolMid,DIXMid,15,171,44,True,-6.643,-5.184,-1.044,1.774,3.681,5.128,5.694,0.85,66.667
SPX,ENV,VolMidxDIXMid(l1),VolMid,DIXMid,21,165,44,True,-7.59,-6.485,-0.042,2.622,4.906,6.357,7.273,1.547,74.545
SPX,ENV,VolMidxDIXMid(l1),VolMid,DIXMid,42,162,44,True,-12.968,-9.929,1.056,4.924,6.299,8.166,9.429,2.278,77.16
SPX,ENV,VolMidxDIXMid(l1),VolMid,DIXMid,63,162,44,True,-7.289,-5.464,-2.54,6.573,8.671,11.809,13.085,3.876,66.667
SPX,ENV,VolMidxDIXHigh(l1),VolMid,DIXHigh,1,163,25,True,-1.702,-1.248,-0.478,0.056,0.731,1.49,1.705,0.075,52.761
SPX,ENV,VolMidxDIXHigh(l1),VolMid,DIXHigh,2,163,25,True,-2.112,-1.832,-0.777,0.197,1.164,2.039,2.461,0.203,58.896
SPX,ENV,VolMidxDIXHigh(l1),VolMid,DIXHigh,3,163,25,True,-2.956,-1.916,-0.708,0.363,1.504,2.372,3.387,0.328,57.669
SPX,ENV,VolMidxDIXHigh(l1),VolMid,DIXHigh,5,163,25,True,-3.428,-2.441,-0.68,0.825,1.964,3.239,3.84,0.557,65.031
SPX,ENV,VolMidxDIXHigh(l1),VolMid,DIXHigh,10,163,25,True,-5.098,-3.199,-0.885,1.373,3.014,4.129,4.565,0.808,66.871
SPX,ENV,VolMidxDIXHigh(l1),VolMid,DIXHigh,15,163,25,True,-6.794,-5.466,-1.796,1.484,3.818,5.017,5.509,0.695,64.417
SPX,ENV,VolMidxDIXHigh(l1),VolMid,DIXHigh,21,163,25,True,-9.177,-6.917,-2.69,1.424,4.242,5.589,5.945,0.383,58.896
SPX,ENV,VolMidxDIXHigh(l1),VolMid,DIXHigh,42,163,25,True,-12.324,-10.055,-1.989,1.644,4.748,7.227,7.799,0.363,63.804
SPX,ENV,VolMidxDIXHigh(l1),VolMid,DIXHigh,63,163,25,True,-9.111,-7.654,-3.084,3.708,7.573,10.0,11.019,2.068,65.031
SPX,ENV,VolHighxDIXLow(l1),VolHigh,DIXLow,1,65,13,True,-1.428,-1.185,-0.475,0.155,0.847,1.525,1.78,0.179,61.538
SPX,ENV,VolHighxDIXLow(l1),VolHigh,DIXLow,2,65,13,True,-1.75,-1.379,-0.73,0.293,1.281,2.465,2.736,0.364,58.462
SPX,ENV,VolHighxDIXLow(l1),VolHigh,DIXLow,3,65,13,True,-2.379,-1.738,-0.671,0.506,1.741,2.73,3.174,0.412,58.462
SPX,ENV,VolHighxDIXLow(l1),VolHigh,DIXLow,5,65,13,True,-3.7,-2.337,-0.281,0.705,1.707,3.7,3.99,0.642,69.231
SPX,ENV,VolHighxDIXLow(l1),VolHigh,DIXLow,10,65,13,True,-2.639,-2.173,-0.934,0.693,3.135,5.313,7.613,1.361,63.077
SPX,ENV,VolHighxDIXLow(l1),VolHigh,DIXLow,15,65,13,True,-3.057,-2.138,-0.916,0.982,2.151,8.089,9.26,1.255,61.538
SPX,ENV,VolHighxDIXLow(l1),VolHigh,DIXLow,21,65,13,True,-7.31,-3.897,-1.072,1.355,2.953,9.697,10.401,1.244,66.154
SPX,ENV,VolHighxDIXLow(l1),VolHigh,DIXLow,42,63,13,True,-5.813,-5.311,-0.498,3.168,4.847,14.442,15.831,3.265,74.603
SPX,ENV,VolHighxDIXLow(l1),VolHigh,DIXLow,63,45,13,True,-12.134,-10.752,0.649,3.833,9.819,16.105,18.208,3.469,75.556
SPX,ENV,VolHighxDIXMid(l1),VolHigh,DIXMid,1,93,24,True,-2.319,-1.562,-0.3,0.405,1.175,2.406,2.617,0.426,64.516
SPX,ENV,VolHighxDIXMid(l1),VolHigh,DIXMid,2,93,24,True,-2.852,-2.028,-0.162,0.744,1.834,3.126,3.942,0.701,73.118
SPX,ENV,VolHighxDIXMid(l1),VolHigh,DIXMid,3,93,24,True,-3.602,-2.097,-0.417,1.018,2.264,3.98,4.797,0.81,66.667
SPX,ENV,VolHighxDIXMid(l1),VolHigh,DIXMid,5,93,24,True,-3.388,-2.181,-0.407,1.571,3.716,4.802,5.774,1.318,66.667
SPX,ENV,VolHighxDIXMid(l1),VolHigh,DIXMid,10,93,24,True,-4.118,-2.844,-0.352,1.853,4.198,6.257,7.736,1.744,70.968
SPX,ENV,VolHighxDIXMid(l1),VolHigh,DIXMid,15,93,24,True,-5.556,-3.791,-0.243,2.133,5.197,7.95,8.62,2.29,73.118
SPX,ENV,VolHighxDIXMid(l1),VolHigh,DIXMid,21,93,24,True,-4.633,-2.82,0.397,2.97,6.891,8.971,11.28,3.415,77.419
SPX,ENV,VolHighxDIXMid(l1),VolHigh,DIXMid,42,93,24,True,-7.899,-3.936,0.877,5.151,8.404,11.633,13.859,4.332,78.495
SPX,ENV,VolHighxDIXMid(l1),VolHigh,DIXMid,63,93,24,True,-7.903,-5.446,0.063,7.215,10.741,15.613,19.764,5.775,75.269
SPX,ENV,VolHighxDIXHigh(l1),VolHigh,DIXHigh,1,201,20,True,-2.378,-1.685,-0.764,-0.104,0.776,1.613,2.217,-0.075,46.269
SPX,ENV,VolHighxDIXHigh(l1),VolHigh,DIXHigh,2,201,20,True,-3.733,-2.828,-1.404,0.148,1.332,2.217,2.899,-0.093,52.736
SPX,ENV,VolHighxDIXHigh(l1),VolHigh,DIXHigh,3,201,20,True,-4.216,-3.457,-1.618,0.256,1.442,2.729,3.854,-0.072,54.726
SPX,ENV,VolHighxDIXHigh(l1),VolHigh,DIXHigh,5,201,20,True,-5.392,-3.939,-2.258,0.162,1.697,3.778,5.018,-0.155,53.234
SPX,ENV,VolHighxDIXHigh(l1),VolHigh,DIXHigh,10,201,20,True,-8.67,-6.15,-2.41,0.208,3.006,5.562,6.28,-0.057,52.736
SPX,ENV,VolHighxDIXHigh(l1),VolHigh,DIXHigh,15,201,20,True,-7.55,-6.577,-3.887,1.435,4.092,6.389,7.988,0.407,58.706
SPX,ENV,VolHighxDIXHigh(l1),VolHigh,DIXHigh,21,201,20,True,-8.521,-7.952,-4.622,1.943,5.217,7.011,8.39,0.621,59.204
SPX,ENV,VolHighxDIXHigh(l1),VolHigh,DIXHigh,42,201,20,True,-9.978,-7.845,-2.547,1.776,5.861,10.339,11.71,1.614,62.687
SPX,ENV,VolHighxDIXHigh(l1),VolHigh,DIXHigh,63,201,20,True,-14.445,-11.223,-4.71,1.056,6.681,10.302,11.842,0.634,53.234
IWM,ENV,LowCorr,LowCorr,,1,573,49,True,-2.047,-1.556,-0.845,0.03,0.881,1.568,2.01,0.006,50.611
IWM,ENV,LowCorr,LowCorr,,2,572,49,True,-2.695,-2.038,-1.143,-0.084,0.989,2.325,2.939,0.0,48.077
IWM,ENV,LowCorr,LowCorr,,3,571,49,True,-3.268,-2.624,-1.318,-0.113,1.183,2.734,3.758,0.005,44.483
IWM,ENV,LowCorr,LowCorr,,5,569,49,True,-4.215,-3.316,-1.813,-0.329,1.737,3.589,4.885,0.007,46.397
IWM,ENV,LowCorr,LowCorr,,10,564,49,True,-6.707,-5.067,-2.667,-0.283,2.256,5.148,6.556,-0.136,47.34
IWM,ENV,LowCorr,LowCorr,,15,559,49,True,-7.621,-6.378,-3.59,-0.157,2.814,5.577,7.246,-0.33,48.658
IWM,ENV,LowCorr,LowCorr,,21,553,49,True,-9.241,-7.786,-4.532,-0.559,3.408,6.616,8.385,-0.587,46.293
IWM,ENV,LowCorr,LowCorr,,42,532,49,True,-12.771,-10.226,-5.006,0.85,5.767,9.61,11.636,0.104,55.263
IWM,ENV,LowCorr,LowCorr,,63,511,49,True,-14.118,-11.752,-4.326,2.753,7.697,11.623,13.537,1.313,61.057
IWM,ENV,MidCorr,MidCorr,,1,560,68,True,-2.053,-1.597,-0.839,0.123,0.911,1.741,2.246,0.067,52.5
IWM,ENV,MidCorr,MidCorr,,2,560,68,True,-3.144,-2.313,-1.107,0.112,1.381,2.629,3.353,0.134,52.857
IWM,ENV,MidCorr,MidCorr,,3,560,68,True,-3.78,-2.873,-1.133,0.258,1.584,2.978,4.149,0.178,55.357
IWM,ENV,MidCorr,MidCorr,,5,560,68,True,-4.599,-3.474,-1.408,0.399,2.035,3.584,4.636,0.22,55.714
IWM,ENV,MidCorr,MidCorr,,10,560,68,True,-6.527,-4.716,-1.626,0.751,3.109,4.982,6.409,0.543,59.107
IWM,ENV,MidCorr,MidCorr,,15,560,68,True,-7.826,-5.075,-1.667,1.509,4.024,6.65,8.518,1.041,62.5
IWM,ENV,MidCorr,MidCorr,,21,560,68,True,-8.589,-5.722,-1.395,1.759,4.984,7.978,9.969,1.564,64.464
IWM,ENV,MidCorr,MidCorr,,42,560,68,True,-10.77,-8.264,-2.482,1.757,6.074,9.388,12.193,1.574,61.964
IWM,ENV,MidCorr,MidCorr,,63,560,68,True,-13.087,-9.017,-3.085,0.789,6.525,13.038,15.045,1.543,53.929
IWM,ENV,HighCorr,HighCorr,,1,293,23,True,-2.749,-1.985,-0.901,0.056,1.088,2.246,2.733,0.071,53.584
IWM,ENV,HighCorr,HighCorr,,2,293,23,True,-3.557,-2.719,-1.357,0.282,1.717,3.109,3.661,0.164,55.29
IWM,ENV,HighCorr,HighCorr,,3,293,23,True,-4.094,-3.127,-1.453,0.613,2.022,3.632,4.651,0.279,59.044
IWM,ENV,HighCorr,HighCorr,,5,293,23,True,-6.409,-4.106,-1.383,0.835,3.036,5.003,5.73,0.581,59.386
IWM,ENV,HighCorr,HighCorr,,10,293,23,True,-8.179,-5.484,-1.455,1.761,4.565,6.572,7.603,1.145,64.164
IWM,ENV,HighCorr,HighCorr,,15,293,23,True,-8.12,-6.542,-2.147,1.821,5.268,8.199,9.517,1.44,65.87
IWM,ENV,HighCorr,HighCorr,,21,293,23,True,-8.274,-6.204,-2.175,2.204,5.868,9.937,11.932,1.971,65.188
IWM,ENV,HighCorr,HighCorr,,42,293,23,True,-8.486,-6.43,-0.805,3.959,8.455,12.793,14.686,3.704,72.014
IWM,ENV,HighCorr,HighCorr,,63,293,23,True,-12.841,-6.51,-0.413,5.303,10.276,14.902,17.72,4.575,71.672
IWM,ENV,LowCorrxDIXLow(l1),LowCorr,DIXLow,1,185,43,True,-2.408,-1.727,-0.845,-0.01,0.885,1.772,1.991,-0.043,49.73
IWM,ENV,LowCorrxDIXLow(l1),LowCorr,DIXLow,2,185,43,True,-3.069,-2.352,-1.299,-0.201,0.97,2.405,3.051,-0.081,42.703
IWM,ENV,LowCorrxDIXLow(l1),LowCorr,DIXLow,3,185,43,True,-3.466,-2.556,-1.401,-0.304,1.049,2.819,3.786,-0.069,42.703
IWM,ENV,LowCorrxDIXLow(l1),LowCorr,DIXLow,5,185,43,True,-4.179,-3.099,-1.939,-0.029,1.744,3.497,4.93,0.072,49.189
IWM,ENV,LowCorrxDIXLow(l1),LowCorr,DIXLow,10,185,43,True,-5.511,-4.782,-2.463,0.131,2.558,4.931,6.164,0.015,50.811
IWM,ENV,LowCorrxDIXLow(l1),LowCorr,DIXLow,15,185,43,True,-6.975,-5.89,-3.32,0.123,3.357,5.5,7.295,0.1,51.892
IWM,ENV,LowCorrxDIXLow(l1),LowCorr,DIXLow,21,185,43,True,-7.24,-5.719,-3.824,-0.159,3.531,6.074,7.738,-0.032,48.108
IWM,ENV,LowCorrxDIXLow(l1),LowCorr,DIXLow,42,185,43,True,-9.348,-4.701,-2.309,1.008,4.764,8.669,11.094,1.258,61.081
IWM,ENV,LowCorrxDIXLow(l1),LowCorr,DIXLow,63,185,43,True,-13.649,-11.337,-3.228,1.524,5.542,9.788,11.449,0.674,58.919
IWM,ENV,LowCorrxDIXMid(l1),LowCorr,DIXMid,1,234,58,True,-1.639,-1.437,-0.765,0.001,0.874,1.366,1.917,0.038,50.0
IWM,ENV,LowCorrxDIXMid(l1),LowCorr,DIXMid,2,234,58,True,-2.5,-1.826,-1.113,-0.003,1.048,2.378,2.977,0.112,50.0
IWM,ENV,LowCorrxDIXMid(l1),LowCorr,DIXMid,3,234,58,True,-2.987,-2.337,-1.195,-0.116,1.317,2.787,3.853,0.134,45.299
IWM,ENV,LowCorrxDIXMid(l1),LowCorr,DIXMid,5,234,58,True,-4.218,-3.336,-1.845,-0.365,2.012,3.73,5.031,0.041,43.59
IWM,ENV,LowCorrxDIXMid(l1),LowCorr,DIXMid,10,234,58,True,-6.812,-5.112,-2.79,0.072,2.88,5.9,7.419,0.17,50.855
IWM,ENV,LowCorrxDIXMid(l1),LowCorr,DIXMid,15,234,58,True,-8.914,-7.271,-4.089,-0.122,3.148,6.091,8.144,-0.418,48.718
IWM,ENV,LowCorrxDIXMid(l1),LowCorr,DIXMid,21,234,58,True,-10.23,-8.995,-5.704,-0.689,3.71,7.255,8.978,-0.905,46.154
IWM,ENV,LowCorrxDIXMid(l1),LowCorr,DIXMid,42,234,58,True,-14.583,-10.419,-7.569,1.07,6.118,9.673,11.242,-0.607,52.564
IWM,ENV,LowCorrxDIXMid(l1),LowCorr,DIXMid,63,228,58,True,-14.913,-12.954,-6.692,3.419,8.0,11.67,13.067,1.138,62.281
IWM,ENV,LowCorrxDIXHigh(l1),LowCorr,DIXHigh,1,153,35,True,-2.095,-1.646,-0.91,0.108,0.891,1.716,2.158,0.016,52.941
IWM,ENV,LowCorrxDIXHigh(l1),LowCorr,DIXHigh,2,152,35,True,-3.238,-1.996,-0.965,0.098,0.91,2.112,2.856,-0.064,51.974
IWM,ENV,LowCorrxDIXHigh(l1),LowCorr,DIXHigh,3,151,35,True,-3.412,-2.997,-1.284,-0.074,1.22,2.59,2.91,-0.104,45.033
IWM,ENV,LowCorrxDIXHigh(l1),LowCorr,DIXHigh,5,149,35,True,-4.16,-3.394,-1.646,-0.333,1.401,3.01,3.898,-0.168,46.98
IWM,ENV,LowCorrxDIXHigh(l1),LowCorr,DIXHigh,10,144,35,True,-6.908,-5.256,-2.904,-0.803,0.887,2.749,4.236,-0.891,36.806
IWM,ENV,LowCorrxDIXHigh(l1),LowCorr,DIXHigh,15,139,35,True,-6.814,-6.146,-3.507,-0.714,1.982,3.589,4.579,-0.826,43.885
IWM,ENV,LowCorrxDIXHigh(l1),LowCorr,DIXHigh,21,133,35,True,-8.576,-7.18,-4.325,-0.873,2.614,5.627,7.518,-0.856,43.609
IWM,ENV,LowCorrxDIXHigh(l1),LowCorr,DIXHigh,42,112,35,True,-13.382,-11.518,-7.729,0.169,6.012,10.94,12.669,-0.422,50.893
IWM,ENV,LowCorrxDIXHigh(l1),LowCorr,DIXHigh,63,97,35,True,-13.835,-11.086,-5.077,5.703,10.518,13.938,15.403,2.81,61.856
IWM,ENV,MidCorrxDIXLow(l1),MidCorr,DIXLow,1,208,45,True,-1.777,-1.314,-0.712,0.119,0.902,1.527,1.863,0.133,52.885
IWM,ENV,MidCorrxDIXLow(l1),MidCorr,DIXLow,2,208,45,True,-2.762,-1.934,-0.82,0.082,1.272,2.33,3.142,0.199,51.923
IWM,ENV,MidCorrxDIXLow(l1),MidCorr,DIXLow,3,208,45,True,-3.157,-2.186,-0.964,0.26,1.377,2.6,3.59,0.234,54.327
IWM,ENV,MidCorrxDIXLow(l1),MidCorr,DIXLow,5,208,45,True,-3.813,-2.746,-1.235,0.376,1.895,2.878,4.446,0.275,56.731
IWM,ENV,MidCorrxDIXLow(l1),MidCorr,DIXLow,10,208,45,True,-4.244,-3.258,-1.322,0.849,2.812,4.496,5.766,0.786,62.981
IWM,ENV,MidCorrxDIXLow(l1),MidCorr,DIXLow,15,208,45,True,-6.397,-2.802,-0.769,1.243,3.559,5.503,6.954,1.182,66.346
IWM,ENV,MidCorrxDIXLow(l1),MidCorr,DIXLow,21,208,45,True,-5.062,-3.408,-1.189,1.458,4.128,7.462,9.122,1.585,62.981
IWM,ENV,MidCorrxDIXLow(l1),MidCorr,DIXLow,42,208,45,True,-4.918,-3.937,-0.714,2.293,5.691,8.398,10.101,2.405,66.346
IWM,ENV,MidCorrxDIXLow(l1),MidCorr,DIXLow,63,208,45,True,-6.344,-4.274,-1.272,1.278,5.177,9.65,12.655,1.911,62.019
IWM,ENV,MidCorrxDIXMid(l1),MidCorr,DIXMid,1,184,61,True,-2.368,-1.58,-0.806,0.16,0.986,1.767,2.118,0.063,53.804
IWM,ENV,MidCorrxDIXMid(l1),MidCorr,DIXMid,2,184,61,True,-3.104,-2.246,-1.087,0.189,1.558,2.79,3.225,0.158,53.804
IWM,ENV,MidCorrxDIXMid(l1),MidCorr,DIXMid,3,184,61,True,-3.852,-3.129,-1.41,0.308,1.896,3.91,4.412,0.232,55.435
IWM,ENV,MidCorrxDIXMid(l1),MidCorr,DIXMid,5,184,61,True,-5.377,-4.272,-1.553,0.666,2.148,3.746,5.161,0.211,57.609
IWM,ENV,MidCorrxDIXMid(l1),MidCorr,DIXMid,10,184,61,True,-7.623,-6.024,-1.531,0.745,3.186,4.757,5.887,0.403,58.696
IWM,ENV,MidCorrxDIXMid(l1),MidCorr,DIXMid,15,184,61,True,-7.793,-5.166,-1.633,1.649,4.481,7.654,9.907,1.291,61.957
IWM,ENV,MidCorrxDIXMid(l1),MidCorr,DIXMid,21,184,61,True,-8.362,-6.102,-0.984,2.48,5.905,9.294,10.53,2.376,68.478
IWM,ENV,MidCorrxDIXMid(l1),MidCorr,DIXMid,42,184,61,True,-8.299,-5.172,-0.715,2.623,7.445,11.044,17.308,3.295,69.565
IWM,ENV,MidCorrxDIXMid(l1),MidCorr,DIXMid,63,184,61,True,-8.853,-6.791,-1.693,2.062,9.088,14.356,16.82,3.232,58.696
IWM,ENV,MidCorrxDIXHigh(l1),MidCorr,DIXHigh,1,168,38,True,-2.246,-1.884,-1.159,0.039,0.84,1.961,2.359,-0.009,50.595
IWM,ENV,MidCorrxDIXHigh(l1),MidCorr,DIXHigh,2,168,38,True,-3.441,-2.782,-1.491,0.084,1.339,2.652,3.987,0.026,52.976
IWM,ENV,MidCorrxDIXHigh(l1),MidCorr,DIXHigh,3,168,38,True,-4.154,-3.367,-1.575,0.255,1.562,2.738,3.734,0.049,56.548
IWM,ENV,MidCorrxDIXHigh(l1),MidCorr,DIXHigh,5,168,38,True,-4.418,-3.557,-1.555,0.291,2.294,3.701,4.278,0.16,52.381
IWM,ENV,MidCorrxDIXHigh(l1),MidCorr,DIXHigh,10,168,38,True,-6.822,-5.225,-2.121,0.554,3.302,6.004,6.881,0.395,54.762
IWM,ENV,MidCorrxDIXHigh(l1),MidCorr,DIXHigh,15,168,38,True,-9.556,-6.686,-2.969,1.733,3.933,6.774,8.373,0.592,58.333
IWM,ENV,MidCorrxDIXHigh(l1),MidCorr,DIXHigh,21,168,38,True,-10.962,-8.912,-2.088,1.52,4.806,6.728,10.438,0.648,61.905
IWM,ENV,MidCorrxDIXHigh(l1),MidCorr,DIXHigh,42,168,38,True,-13.9,-12.351,-8.354,-0.248,5.189,8.907,11.235,-1.339,48.214
IWM,ENV,MidCorrxDIXHigh(l1),MidCorr,DIXHigh,63,168,38,True,-15.762,-13.158,-8.633,-2.768,7.126,14.103,17.761,-0.761,38.69
IWM,ENV,HighCorrxDIXMid(l1),HighCorr,DIXMid,1,166,36,True,-2.737,-1.89,-1.007,-0.049,1.192,2.213,2.708,0.057,49.398
IWM,ENV,HighCorrxDIXMid(l1),HighCorr,DIXMid,2,166,36,True,-3.684,-2.912,-1.728,0.179,1.856,3.035,3.506,0.093,54.217
IWM,ENV,HighCorrxDIXMid(l1),HighCorr,DIXMid,3,166,36,True,-4.229,-3.439,-2.037,0.505,2.022,3.299,4.131,0.07,56.627
IWM,ENV,HighCorrxDIXMid(l1),HighCorr,DIXMid,5,166,36,True,-6.304,-4.219,-1.528,0.45,2.834,4.589,5.948,0.34,54.819
IWM,ENV,HighCorrxDIXMid(l1),HighCorr,DIXMid,10,166,36,True,-7.892,-5.452,-1.301,1.652,3.749,6.243,6.94,0.932,62.048
IWM,ENV,HighCorrxDIXMid(l1),HighCorr,DIXMid,15,166,36,True,-8.269,-6.42,-2.154,1.568,5.209,8.103,9.049,1.255,63.855
IWM,ENV,HighCorrxDIXMid(l1),HighCorr,DIXMid,21,166,36,True,-8.104,-6.262,-1.979,2.378,5.97,9.801,12.17,2.221,69.277
IWM,ENV,HighCorrxDIXMid(l1),HighCorr,DIXMid,42,166,36,True,-7.214,-3.977,0.545,5.188,8.964,12.744,14.504,4.692,77.108
IWM,ENV,HighCorrxDIXMid(l1),HighCorr,DIXMid,63,166,36,True,-13.834,-5.026,-0.518,4.682,8.645,13.656,16.541,3.909,70.482
IWM,ENV,HighCorrxDIXHigh(l1),HighCorr,DIXHigh,1,87,22,True,-3.319,-2.214,-0.695,0.249,1.179,2.407,2.808,0.11,60.92
IWM,ENV,HighCorrxDIXHigh(l1),HighCorr,DIXHigh,2,87,22,True,-3.98,-2.501,-0.856,0.422,1.756,3.414,4.019,0.287,59.77
IWM,ENV,HighCorrxDIXHigh(l1),HighCorr,DIXHigh,3,87,22,True,-5.119,-2.73,-0.706,1.121,2.556,3.835,4.664,0.624,65.517
IWM,ENV,HighCorrxDIXHigh(l1),HighCorr,DIXHigh,5,87,22,True,-6.852,-3.997,-0.515,1.44,3.52,4.986,5.242,0.976,70.115
IWM,ENV,HighCorrxDIXHigh(l1),HighCorr,DIXHigh,10,87,22,True,-8.518,-5.023,-2.328,1.893,4.749,6.837,7.856,1.257,64.368
IWM,ENV,HighCorrxDIXHigh(l1),HighCorr,DIXHigh,15,87,22,True,-8.649,-7.285,-2.942,1.934,5.413,7.641,9.675,1.199,63.218
IWM,ENV,HighCorrxDIXHigh(l1),HighCorr,DIXHigh,21,87,22,True,-9.931,-5.76,-3.392,0.032,5.822,9.399,10.728,0.947,50.575
IWM,ENV,HighCorrxDIXHigh(l1),HighCorr,DIXHigh,42,87,22,True,-10.056,-8.115,-3.741,2.411,8.661,13.987,14.945,2.361,62.069
IWM,ENV,HighCorrxDIXHigh(l1),HighCorr,DIXHigh,63,87,22,True,-7.688,-6.64,-0.107,7.95,12.311,15.616,18.755,5.985,74.713
IWM,ENV,VolLowxDIXLow(l1),VolLow,DIXLow,1,165,33,True,-2.274,-1.622,-0.913,-0.068,0.901,1.629,1.896,-0.053,48.485
IWM,ENV,VolLowxDIXLow(l1),VolLow,DIXLow,2,165,33,True,-3.349,-2.478,-1.148,-0.201,0.921,2.309,2.795,-0.099,44.242
IWM,ENV,VolLowxDIXLow(l1),VolLow,DIXLow,3,165,33,True,-3.656,-2.556,-1.509,-0.283,1.109,2.69,3.106,-0.127,44.242
IWM,ENV,VolLowxDIXLow(l1),VolLow,DIXLow,5,165,33,True,-4.388,-3.285,-2.058,-0.315,1.53,3.038,4.575,-0.142,47.273
IWM,ENV,VolLowxDIXLow(l1),VolLow,DIXLow,10,165,33,True,-5.704,-4.935,-2.707,-0.45,2.09,4.285,5.447,-0.373,46.667
IWM,ENV,VolLowxDIXLow(l1),VolLow,DIXLow,15,165,33,True,-6.993,-5.822,-2.793,-0.326,2.454,4.934,6.669,-0.263,47.273
IWM,ENV,VolLowxDIXLow(l1),VolLow,DIXLow,21,165,33,True,-7.24,-5.468,-3.545,-0.595,2.845,5.365,7.022,-0.298,44.242
IWM,ENV,VolLowxDIXLow(l1),VolLow,DIXLow,42,165,33,True,-9.946,-4.786,-2.913,1.29,4.501,7.208,9.126,0.857,59.394
IWM,ENV,VolLowxDIXLow(l1),VolLow,DIXLow,63,165,33,True,-13.835,-11.62,-3.381,0.158,3.152,6.047,9.954,-0.802,50.909
IWM,ENV,VolLowxDIXMid(l1),VolLow,DIXMid,1,227,51,True,-1.585,-1.327,-0.781,0.072,0.806,1.33,1.685,0.018,51.982
IWM,ENV,VolLowxDIXMid(l1),VolLow,DIXMid,2,227,51,True,-2.255,-1.922,-1.077,0.0,1.045,2.354,2.837,0.125,50.22
IWM,ENV,VolLowxDIXMid(l1),VolLow,DIXMid,3,227,51,True,-3.084,-2.14,-1.104,-0.023,1.362,2.998,4.143,0.25,48.458
IWM,ENV,VolLowxDIXMid(l1),VolLow,DIXMid,5,227,51,True,-3.899,-2.842,-1.685,-0.04,2.021,3.991,5.548,0.294,48.899
IWM,ENV,VolLowxDIXMid(l1),VolLow,DIXMid,10,227,51,True,-6.792,-5.091,-2.57,0.079,2.923,6.279,7.84,0.277,51.982
IWM,ENV,VolLowxDIXMid(l1),VolLow,DIXMid,15,227,51,True,-8.428,-6.537,-3.466,-0.103,3.974,7.247,9.257,0.137,48.899
IWM,ENV,VolLowxDIXMid(l1),VolLow,DIXMid,21,227,51,True,-9.128,-7.957,-5.189,0.167,4.763,8.914,9.927,0.23,50.661
IWM,ENV,VolLowxDIXMid(l1),VolLow,DIXMid,42,227,51,True,-12.461,-9.764,-7.125,1.749,6.989,10.409,13.231,0.69,54.626
IWM,ENV,VolLowxDIXMid(l1),VolLow,DIXMid,63,227,51,True,-14.934,-12.367,-5.111,2.719,9.116,13.703,16.608,1.704,59.031
IWM,ENV,VolLowxDIXHigh(l1),VolLow,DIXHigh,1,111,23,True,-1.842,-1.459,-0.924,-0.061,0.822,1.648,2.17,-0.0,49.55
IWM,ENV,VolLowxDIXHigh(l1),VolLow,DIXHigh,2,110,23,True,-3.169,-2.371,-1.138,0.148,1.017,2.244,3.086,-0.013,53.636
IWM,ENV,VolLowxDIXHigh(l1),VolLow,DIXHigh,3,109,23,True,-3.686,-3.119,-1.243,0.0,1.362,2.688,3.174,-0.049,49.541
IWM,ENV,VolLowxDIXHigh(l1),VolLow,DIXHigh,5,107,23,True,-5.043,-3.134,-1.573,0.01,1.776,3.638,3.9,0.028,50.467
IWM,ENV,VolLowxDIXHigh(l1),VolLow,DIXHigh,10,102,23,True,-6.997,-4.689,-1.903,-0.231,2.31,3.975,6.017,-0.04,47.059
IWM,ENV,VolLowxDIXHigh(l1),VolLow,DIXHigh,15,97,23,True,-5.934,-5.074,-2.354,0.534,2.557,4.335,4.868,0.121,56.701
IWM,ENV,VolLowxDIXHigh(l1),VolLow,DIXHigh,21,91,23,True,-6.904,-5.119,-3.179,0.171,2.586,5.387,6.3,-0.126,51.648
IWM,ENV,VolLowxDIXHigh(l1),VolLow,DIXHigh,42,70,23,True,-12.239,-11.284,-7.86,-2.556,3.272,7.832,8.983,-2.13,38.571
IWM,ENV,VolLowxDIXHigh(l1),VolLow,DIXHigh,63,69,23,True,-13.121,-10.971,-4.93,-0.815,7.718,13.161,13.863,0.746,47.826
IWM,ENV,VolMidxDIXLow(l1),VolMid,DIXLow,1,204,38,True,-1.913,-1.377,-0.678,0.044,0.944,1.771,2.431,0.129,51.471
IWM,ENV,VolMidxDIXLow(l1),VolMid,DIXLow,2,204,38,True,-2.701,-1.987,-1.139,-0.005,1.442,2.536,3.841,0.198,50.0
IWM,ENV,VolMidxDIXLow(l1),VolMid,DIXLow,3,204,38,True,-2.963,-2.172,-1.062,0.186,1.447,3.05,3.943,0.284,51.471
IWM,ENV,VolMidxDIXLow(l1),VolMid,DIXLow,5,204,38,True,-3.224,-2.45,-1.375,0.47,2.036,3.949,5.409,0.555,57.843
IWM,ENV,VolMidxDIXLow(l1),VolMid,DIXLow,10,204,38,True,-3.631,-2.641,-0.766,1.245,3.555,5.787,7.781,1.417,67.647
IWM,ENV,VolMidxDIXLow(l1),VolMid,DIXLow,15,204,38,True,-5.877,-3.727,-0.651,1.859,4.471,6.863,8.812,1.773,69.608
IWM,ENV,VolMidxDIXLow(l1),VolMid,DIXLow,21,204,38,True,-4.382,-3.335,-0.692,2.101,4.827,7.582,8.343,2.033,67.647
IWM,ENV,VolMidxDIXLow(l1),VolMid,DIXLow,42,204,38,True,-4.474,-3.029,-0.293,2.359,5.924,8.921,12.492,2.884,71.569
IWM,ENV,VolMidxDIXLow(l1),VolMid,DIXLow,63,204,38,True,-4.505,-2.616,-0.427,2.94,7.083,11.513,13.174,3.4,70.098
IWM,ENV,VolMidxDIXMid(l1),VolMid,DIXMid,1,220,72,True,-2.052,-1.532,-0.771,-0.014,1.064,1.903,2.247,0.069,49.545
IWM,ENV,VolMidxDIXMid(l1),VolMid,DIXMid,2,220,72,True,-2.893,-2.315,-1.237,0.129,1.289,2.806,3.248,0.089,51.818
IWM,ENV,VolMidxDIXMid(l1),VolMid,DIXMid,3,220,72,True,-3.781,-2.832,-1.568,0.038,1.662,3.18,4.174,0.051,50.455
IWM,ENV,VolMidxDIXMid(l1),VolMid,DIXMid,5,220,72,True,-4.842,-4.149,-1.729,0.16,1.957,3.667,4.537,0.023,51.364
IWM,ENV,VolMidxDIXMid(l1),VolMid,DIXMid,10,220,72,True,-7.397,-5.685,-1.503,0.766,3.046,4.737,5.692,0.34,58.636
IWM,ENV,VolMidxDIXMid(l1),VolMid,DIXMid,15,220,72,True,-9.075,-7.294,-2.594,1.349,3.719,6.349,7.801,0.475,61.818
IWM,ENV,VolMidxDIXMid(l1),VolMid,DIXMid,21,220,72,True,-10.073,-8.775,-3.666,1.69,5.273,8.379,9.639,0.85,62.273
IWM,ENV,VolMidxDIXMid(l1),VolMid,DIXMid,42,220,72,True,-10.393,-8.264,-1.674,2.454,7.108,9.864,11.463,1.781,65.909
IWM,ENV,VolMidxDIXMid(l1),VolMid,DIXMid,63,220,72,True,-11.831,-7.742,-2.399,3.113,7.145,11.544,13.417,2.157,61.818
IWM,ENV,VolMidxDIXHigh(l1),VolMid,DIXHigh,1,189,44,True,-2.268,-1.933,-1.157,0.177,0.919,1.855,2.231,-0.039,53.439
IWM,ENV,VolMidxDIXHigh(l1),VolMid,DIXHigh,2,189,44,True,-3.546,-2.488,-1.119,0.104,1.19,2.12,2.785,-0.076,52.91
IWM,ENV,VolMidxDIXHigh(l1),VolMid,DIXHigh,3,189,44,True,-3.96,-2.985,-1.324,-0.011,1.536,2.522,3.48,-0.061,49.735
IWM,ENV,VolMidxDIXHigh(l1),VolMid,DIXHigh,5,189,44,True,-4.579,-3.494,-1.591,-0.109,1.826,3.7,4.339,-0.047,49.206
IWM,ENV,VolMidxDIXHigh(l1),VolMid,DIXHigh,10,189,44,True,-7.019,-5.705,-2.963,-0.325,2.459,4.571,5.947,-0.458,45.503
IWM,ENV,VolMidxDIXHigh(l1),VolMid,DIXHigh,15,189,44,True,-8.44,-6.856,-3.68,0.343,3.195,5.117,6.857,-0.439,51.323
IWM,ENV,VolMidxDIXHigh(l1),VolMid,DIXHigh,21,189,44,True,-10.813,-8.578,-4.243,0.43,4.305,6.615,7.78,-0.148,53.439
IWM,ENV,VolMidxDIXHigh(l1),VolMid,DIXHigh,42,189,44,True,-13.826,-11.025,-7.48,0.349,5.957,9.673,12.304,-0.412,53.439
IWM,ENV,VolMidxDIXHigh(l1),VolMid,DIXHigh,63,181,44,True,-13.096,-10.068,-6.101,0.934,9.668,14.018,15.731,1.574,51.381
IWM,ENV,VolHighxDIXLow(l1),VolHigh,DIXLow,1,64,14,True,-1.734,-1.369,-0.745,0.211,0.772,1.435,1.52,0.059,60.938
IWM,ENV,VolHighxDIXLow(l1),VolHigh,DIXLow,2,64,14,True,-2.253,-1.444,-0.774,-0.05,1.299,1.902,2.221,0.155,50.0
IWM,ENV,VolHighxDIXLow(l1),VolHigh,DIXLow,3,64,14,True,-2.583,-1.715,-0.569,0.322,1.232,2.187,2.507,0.229,56.25
IWM,ENV,VolHighxDIXLow(l1),VolHigh,DIXLow,5,64,14,True,-4.242,-2.802,-1.398,0.39,1.983,2.873,4.338,0.153,54.688
IWM,ENV,VolHighxDIXLow(l1),VolHigh,DIXLow,10,64,14,True,-7.674,-5.258,-2.601,0.7,3.527,4.841,5.648,0.156,60.938
IWM,ENV,VolHighxDIXLow(l1),VolHigh,DIXLow,15,64,14,True,-7.894,-6.553,-0.5,1.548,3.221,5.34,7.653,0.865,71.875
IWM,ENV,VolHighxDIXLow(l1),VolHigh,DIXLow,21,64,14,True,-8.127,-6.696,-2.031,1.508,4.088,11.2,12.604,1.326,64.062
IWM,ENV,VolHighxDIXLow(l1),VolHigh,DIXLow,42,64,14,True,-7.065,-5.814,-3.358,0.831,6.535,9.772,11.785,1.627,56.25
IWM,ENV,VolHighxDIXLow(l1),VolHigh,DIXLow,63,64,14,True,-14.056,-12.438,-4.315,2.151,9.079,13.299,18.242,2.053,60.938
IWM,ENV,VolHighxDIXMid(l1),VolHigh,DIXMid,1,137,32,True,-3.224,-2.141,-1.015,0.032,1.21,2.395,2.786,0.078,51.825
IWM,ENV,VolHighxDIXMid(l1),VolHigh,DIXMid,2,137,32,True,-4.266,-3.205,-1.513,0.363,2.014,3.179,3.636,0.166,56.934
IWM,ENV,VolHighxDIXMid(l1),VolHigh,DIXMid,3,137,32,True,-5.071,-3.692,-2.042,0.657,2.239,3.624,4.746,0.131,59.124
IWM,ENV,VolHighxDIXMid(l1),VolHigh,DIXMid,5,137,32,True,-8.195,-4.659,-1.639,0.461,3.017,4.609,5.967,0.243,54.745
IWM,ENV,VolHighxDIXMid(l1),VolHigh,DIXMid,10,137,32,True,-7.724,-5.841,-1.596,1.864,4.301,6.312,6.875,0.957,60.584
IWM,ENV,VolHighxDIXMid(l1),VolHigh,DIXMid,15,137,32,True,-7.063,-5.033,-2.116,1.891,5.267,8.434,9.785,1.552,63.504
IWM,ENV,VolHighxDIXMid(l1),VolHigh,DIXMid,21,137,32,True,-6.638,-5.378,-1.026,2.428,5.868,9.837,13.425,2.591,70.803
IWM,ENV,VolHighxDIXMid(l1),VolHigh,DIXMid,42,137,32,True,-4.363,-2.476,0.948,5.138,9.114,13.042,16.003,5.07,80.292
IWM,ENV,VolHighxDIXMid(l1),VolHigh,DIXMid,63,131,32,True,-5.469,-2.159,-0.057,5.025,9.47,14.883,16.992,4.898,74.046
IWM,ENV,VolHighxDIXHigh(l1),VolHigh,DIXHigh,1,108,27,True,-2.609,-2.021,-0.919,0.21,1.176,2.537,3.116,0.165,58.333
IWM,ENV,VolHighxDIXHigh(l1),VolHigh,DIXHigh,2,108,27,True,-3.497,-3.079,-1.23,0.305,1.831,3.525,4.4,0.328,56.481
IWM,ENV,VolHighxDIXHigh(l1),VolHigh,DIXHigh,3,108,27,True,-4.524,-3.036,-0.795,0.98,2.543,3.733,5.147,0.59,66.667
IWM,ENV,VolHighxDIXHigh(l1),VolHigh,DIXHigh,5,108,27,True,-4.381,-3.71,-0.364,1.119,3.066,4.955,5.477,0.857,66.667
IWM,ENV,VolHighxDIXHigh(l1),VolHigh,DIXHigh,10,108,27,True,-7.436,-3.803,-1.987,1.194,5.028,7.109,8.563,1.278,62.037
IWM,ENV,VolHighxDIXHigh(l1),VolHigh,DIXHigh,15,108,27,True,-8.852,-7.381,-3.222,2.478,6.113,8.994,10.56,1.482,57.407
IWM,ENV,VolHighxDIXHigh(l1),VolHigh,DIXHigh,21,108,27,True,-10.036,-8.631,-4.46,0.503,6.657,10.632,11.947,1.081,53.704
IWM,ENV,VolHighxDIXHigh(l1),VolHigh,DIXHigh,42,108,27,True,-12.898,-11.579,-5.053,2.049,8.59,14.489,16.24,1.482,59.259
IWM,ENV,VolHighxDIXHigh(l1),VolHigh,DIXHigh,63,102,27,True,-17.754,-14.501,-6.89,5.745,12.4,18.849,20.913,3.225,62.745
