index,family,cell,corr_regime,dix_regime,n_days,n_eps,gate,mae_med,mae_q25,mae_p10,mae_worst,trough_d,mfe_med,mfe_q75,peak_d,giveback_med,dip3,dip5,dip8,dip12,touch_m3,touch_m5,touch_m8,touch_m12,touch_p3,touch_p5,touch_p8,touch_p12,rv21_med,rv21_p90,vratio_med,vratio_gt1,vr21,z_gt1,z_gt2,ivrp_med,iv_exceeded,size_q25,size_p10,rr,ci_mean_r_lo,ci_mean_r_hi,ci_mae_q25_lo,ci_mae_q25_hi,ci_touch_m5_lo,ci_touch_m5_hi,ci_vratio_lo,ci_vratio_hi,ci_z_gt2_lo,ci_z_gt2_hi,ci_ivrp_lo,ci_ivrp_hi
NDX,ENV,LowCorr,LowCorr,,754,30,True,-1.8863744263332705,-4.125449640287782,-6.76127936468375,-13.557738189915703,8.0,3.748326639892907,5.691568659930413,15.0,1.520365388224998,33.83356070941337,18.281036834924965,6.2755798090040935,1.7735334242837655,33.83356070941337,18.281036834924965,6.2755798090040935,1.7735334242837655,60.84583901773534,33.42428376534789,7.503410641200546,0.5457025920873124,16.696692674558367,25.462927548910763,1.118376844021046,67.25784447476126,0.6518183505044237,38.74488403819918,9.959072305593452,3.9728517060190836,18.826739427012278,24.239782016348705,14.790100305917084,0.43665135032047575,0.2573790110865708,2.486357517056283,-5.411052157883869,-2.8643363396506305,10.31197252192211,27.35050325636471,1.0573722161155397,1.2717425227762162,4.37948136958711,17.382252806271463,2.7447228371050687,5.5197646880223505
NDX,ENV,MidCorr,MidCorr,,611,53,True,-2.1995359628770306,-5.7834320009700235,-9.482134234669248,-28.559372098911297,8.0,4.474365613671671,6.657775340613881,17.0,1.0677113338710242,44.51718494271686,29.296235679214405,12.92962356792144,4.25531914893617,44.51718494271686,29.296235679214405,12.92962356792144,4.25531914893617,64.1571194762684,44.02618657937807,14.893617021276595,2.7823240589198037,18.571685345476528,31.367693292602674,0.9431058637333026,42.5531914893617,0.8414029345834744,34.86088379705401,6.055646481178396,6.265875844746411,16.857610474631752,17.29077128999313,10.546148949713551,0.4792570157615883,-0.14967255742843255,3.430104624054237,-7.464241355856788,-3.942084633229337,17.85534515819751,42.06145938671995,0.8260101340549437,1.0500493620917626,1.9903584948190562,11.028098422473313,4.230426197163126,7.488044445755882
NDX,ENV,HighCorr,HighCorr,,400,24,True,-3.286819723409784,-8.236393627174603,-13.187800397014142,-23.528614661908843,6.0,6.035748981631306,10.082015995768845,16.0,2.247602470087107,52.0,38.0,25.75,12.75,52.0,38.0,25.75,12.75,71.0,58.5,38.75,17.5,26.38166335718779,43.85827260334413,0.834826721742586,30.75,0.7541079674687861,32.25,5.5,5.008273343925847,26.5,12.141236143700894,7.582765661409393,0.5299319207015388,0.23171268565035608,6.164122890952396,-10.587511390970311,-4.030660131400554,18.747519841269842,49.54430634763202,0.6480176032368969,0.9589145543404686,1.4443703024447756,13.751077586206891,2.7597180568120976,8.674464776983745
NDX,ENV,LowCorrxDIXLow(l1),LowCorr,DIXLow,273,36,True,-2.8852034392200743,-5.776078865305312,-7.786463778697816,-13.193208778173194,11.0,2.757017106792903,4.911210157051871,11.0,2.794882377218322,47.985347985347985,30.76923076923077,9.523809523809524,1.8315018315018317,47.985347985347985,30.76923076923077,9.523809523809524,1.8315018315018317,47.61904761904761,23.809523809523807,4.761904761904762,0.0,17.84169946658746,28.82502226962515,1.1607692478309082,66.30036630036629,0.5088810923461876,27.472527472527474,8.424908424908425,2.9131229986359184,27.83882783882784,17.31278300243814,12.84280038309299,-0.005984121986795497,-1.3396846517210304,1.1240409917418936,-6.925423229619169,-4.265775705559621,19.775728393958353,41.46369562773968,1.0296649586011628,1.3357158502284792,3.9105690317180137,16.456068503350703,1.030837194856405,4.76790728385674
NDX,ENV,LowCorrxDIXMid(l1),LowCorr,DIXMid,296,63,True,-1.5063613231552142,-3.3727837726918786,-5.713961579581577,-12.823185600208486,6.0,3.9670231001551093,5.80069563073311,17.0,1.04225732415284,29.454545454545457,11.636363636363637,2.909090909090909,0.36363636363636365,29.454545454545457,11.636363636363637,2.909090909090909,0.36363636363636365,68.36363636363636,35.63636363636364,5.818181818181818,0.36363636363636365,15.650603522436876,22.407352424033515,1.0679406319105007,68.36363636363636,0.6173417062578033,41.090909090909086,11.272727272727273,4.5015627720764115,13.454545454545455,29.64909900529681,17.50099271884198,0.751685711113119,1.117273801167091,3.1778227521154623,-4.606255004839801,-2.2460079517727776,5.127118644067797,19.85833512429257,1.0184357855580934,1.1975084127056115,5.089440521941192,19.71877316530763,3.3287583029291206,5.8817187227486745
NDX,ENV,LowCorrxDIXHigh(l1),LowCorr,DIXHigh,185,30,True,-1.5554235652238457,-2.5773886630633847,-4.8912302474651765,-13.557738189915703,5.0,4.7127197399085,6.233228799586166,18.0,0.7985490769314207,19.45945945945946,9.72972972972973,6.486486486486487,3.783783783783784,19.45945945945946,9.72972972972973,6.486486486486487,3.783783783783784,69.1891891891892,44.32432432432433,14.054054054054054,1.6216216216216217,15.938739255969699,23.946535007604723,1.1195759167693966,67.02702702702703,0.7262130692630593,51.891891891891895,10.27027027027027,4.661260744030303,13.513513513513514,38.798960138648184,20.44475417034883,1.2465002411807835,1.095088569680038,4.730568315766819,-4.697295423767643,-1.8417648354797553,0.7137896825396826,24.716039707419,0.9936874969606374,1.3623867019940579,2.2210144927536235,19.37321654549514,2.9702684157075954,6.075565105147323
NDX,ENV,MidCorrxDIXLow(l1),MidCorr,DIXLow,154,27,True,-2.6349866646504405,-6.017940527488966,-8.917059053147964,-14.054779479045932,7.0,3.8324987564316904,6.814097106385663,17.0,1.1886622012084338,46.103896103896105,35.064935064935064,12.337662337662337,3.2467532467532463,46.103896103896105,35.064935064935064,12.337662337662337,3.2467532467532463,63.63636363636363,40.25974025974026,14.935064935064934,3.2467532467532463,18.648626665818576,30.55505906420383,1.0711190884254562,53.896103896103895,0.6291631417681917,33.76623376623377,9.090909090909092,6.37847132525805,15.584415584415584,16.61698043428917,11.214459767954242,0.3360386312925669,-0.0674704285408667,4.4220439153861,-8.185827407813203,-3.8068946318377983,19.2,50.0,0.8956129616576124,1.1510032026023094,1.9727292020373515,18.90285102175346,4.5831781358495824,7.444536615663695
NDX,ENV,MidCorrxDIXMid(l1),MidCorr,DIXMid,222,51,True,-1.8962775698126655,-5.474451427134272,-8.477095110976295,-15.081657040430185,8.0,4.380220635510357,6.813382908111665,18.0,0.6795458723172998,43.69369369369369,27.027027027027028,10.36036036036036,2.7027027027027026,43.69369369369369,27.027027027027028,10.36036036036036,2.7027027027027026,61.261261261261254,40.99099099099099,12.612612612612612,2.2522522522522523,16.310012763787228,29.24230897178228,0.8926939849615807,34.68468468468468,0.7462933660242689,36.486486486486484,4.054054054054054,6.719098272396804,10.81081081081081,18.266670429177104,11.79649380959737,0.6078307213941656,0.5744173649262353,4.270503651225252,-7.2675181998784835,-3.2836284560422424,12.322274881516588,42.28039780397801,0.7084968384546414,1.0093210277503673,0.45855992361658854,9.550928187591596,4.770948475287249,8.230411356693413
NDX,ENV,MidCorrxDIXHigh(l1),MidCorr,DIXHigh,235,38,True,-2.0467612111920164,-5.888398513002674,-9.933860126328726,-28.559372098911297,8.0,4.896682561657184,6.556994371336334,17.0,1.435227697853958,44.25531914893617,27.659574468085108,15.74468085106383,6.382978723404255,44.25531914893617,27.659574468085108,15.74468085106383,6.382978723404255,67.23404255319149,49.361702127659576,17.02127659574468,2.9787234042553195,20.69628680509666,33.08765366632346,0.9379937338110682,42.5531914893617,0.9646232116028193,34.04255319148936,5.957446808510639,5.358648251794353,23.404255319148938,16.982546235480072,10.066580234501165,0.49524412861111083,-2.8194893294745667,3.832628889781661,-9.201589801098576,-3.196969696969698,10.612090290661719,46.371606581703894,0.7680126974869365,1.049331532481903,0.43094238137341584,15.385416666666663,2.274828852747234,7.838782213887907
NDX,ENV,HighCorrxDIXLow(l1),HighCorr,DIXLow,57,13,True,-2.9293110403872835,-4.9677442869118345,-9.027655846107328,-21.772479438129555,5.0,6.597171062325025,14.83852516719464,19.0,0.9168161832843635,49.122807017543856,22.807017543859647,10.526315789473683,8.771929824561402,49.122807017543856,22.807017543859647,10.526315789473683,8.771929824561402,80.7017543859649,61.40350877192983,40.35087719298245,33.33333333333333,27.484632138546964,54.49767924791523,0.8153411806503474,31.57894736842105,0.4249547282852021,21.052631578947366,8.771929824561402,6.64464190747659,22.807017543859647,20.129860601614087,11.077072686938926,1.0351143877947995,1.742730997036345,11.15363173551016,-12.302693679385621,-3.5323340518988298,8.333333333333334,41.074054621848724,0.6235484199810899,1.1707405784221132,0.0,28.846153846153847,2.225073742150993,12.018848532575
NDX,ENV,HighCorrxDIXMid(l1),HighCorr,DIXMid,155,35,True,-3.7263494004551645,-8.576804586870441,-14.07735095747861,-22.41774356154339,7.0,5.072253285890627,9.965165447496094,13.0,2.545220361762901,53.5483870967742,42.58064516129032,28.387096774193548,16.129032258064516,53.5483870967742,42.58064516129032,28.387096774193548,16.129032258064516,60.64516129032258,50.32258064516129,34.83870967741935,15.483870967741936,25.30777689152925,49.22253250939524,0.816577269536495,36.774193548387096,0.8290056903458539,38.70967741935484,10.32258064516129,3.995514727782748,30.967741935483872,11.659353898896352,7.103609216112843,0.1861252608214379,-2.019811802704213,5.199941735662482,-13.400941817787238,-4.559787422497785,23.129145408163264,61.393739515022105,0.6883605560945117,1.0707507754113395,2.7586206896551726,19.075793985841393,0.45078190684907066,7.844797940391482
NDX,ENV,HighCorrxDIXHigh(l1),HighCorr,DIXHigh,187,29,True,-3.2899084300953563,-9.405472699642603,-12.434164912826924,-23.528614661908843,5.0,6.9636388031665275,9.884126425882311,16.0,2.4480521860226645,51.87165775401069,39.037433155080215,28.342245989304814,11.229946524064172,51.87165775401069,39.037433155080215,28.342245989304814,11.229946524064172,76.47058823529412,64.70588235294117,41.711229946524064,14.43850267379679,27.255167498077135,37.9565016820444,0.8463890364990622,25.668449197860966,0.7565075667544288,30.481283422459892,0.53475935828877,5.402881959628779,24.06417112299465,10.632107836940495,8.042357544803133,0.514164450290688,-1.4097257185986198,5.97452360475252,-11.323076447634403,-3.8675137433014206,17.54194438060216,60.42784849578426,0.5825328765193816,0.9500312712799932,0.0,2.158664372849544,1.77349140357979,8.884639561208878
NDX,ENV,VolLowxDIXLow(l1),VolLow,DIXLow,127,25,True,-2.2000703647238162,-4.573037450298734,-6.220030984316029,-8.982431592039797,8.0,3.0227037788582933,4.731425779143605,16.0,1.2312215739422205,36.22047244094488,21.25984251968504,0.7874015748031495,0.0,36.22047244094488,21.25984251968504,0.7874015748031495,0.0,50.39370078740157,22.83464566929134,3.937007874015748,0.0,16.974252546729836,19.206695087779803,1.2763512335710498,81.88976377952756,0.6253591037403556,37.79527559055118,14.960629921259844,2.907930156151174,19.68503937007874,21.86730397177646,16.0770903315679,0.3264072328087934,-0.08934685847853181,2.5815371420407276,-5.957295815942354,-2.2769672798608434,3.5072595281306715,39.55336572172693,1.131088837418108,1.4228603093583054,6.998913043478261,25.0,1.2467268881710147,4.804552859506582
NDX,ENV,VolLowxDIXMid(l1),VolLow,DIXMid,264,54,True,-1.6268332428028276,-4.013448839886113,-6.01441385389122,-8.6123330074943,8.0,3.7995639182750507,5.457490413856925,18.0,0.7731264479284516,32.56704980842912,14.17624521072797,0.38314176245210724,0.0,32.56704980842912,14.17624521072797,0.38314176245210724,0.0,63.2183908045977,29.118773946360154,5.363984674329502,0.38314176245210724,15.861873843464688,19.52894155126916,1.1153254713944094,72.79693486590038,0.6163096527814198,42.911877394636015,11.494252873563218,4.35027746288581,8.045977011494253,24.916226415094314,16.62672413793104,0.6124726911618672,1.129002993138025,3.210755446976371,-4.970985351503593,-2.2747400726666904,5.149963900365008,24.162428145785046,1.0443927876761276,1.2442332385226373,5.08926403948859,20.213399189463015,3.5310940840439216,5.913801424122163
NDX,ENV,VolLowxDIXHigh(l1),VolLow,DIXHigh,173,32,True,-1.3169894318974196,-2.736029619403213,-4.780477529112231,-13.557738189915703,5.0,4.336432797971268,5.910938328326565,18.0,0.8479513237102498,19.653179190751445,9.248554913294797,4.624277456647398,4.046242774566474,19.653179190751445,9.248554913294797,4.624277456647398,4.046242774566474,65.89595375722543,39.884393063583815,8.670520231213873,0.5780346820809248,15.363341457338942,21.932462642673084,1.0990461581921014,65.89595375722543,0.8273944333372598,53.75722543352601,10.982658959537572,4.471748283366599,10.982658959537572,36.54931192660559,20.91841231153548,1.1105242229710346,0.7386281638932864,4.227134298644766,-4.438271065414987,-1.7587078299023395,1.6391215253029223,20.365374778081993,0.9972271295774058,1.3639084873733087,2.1852015950376606,21.586028233880658,2.8831759048081196,6.004330265571442
NDX,ENV,VolMidxDIXLow(l1),VolMid,DIXLow,214,30,True,-2.7811388094964142,-6.039315767929624,-8.176720085460804,-13.193208778173194,10.5,3.4049796353469497,6.114404713770782,12.0,2.56673420514037,47.19626168224299,32.71028037383177,12.149532710280374,2.336448598130841,47.19626168224299,32.71028037383177,12.149532710280374,2.336448598130841,54.67289719626168,35.046728971962615,10.2803738317757,2.336448598130841,18.594715526140384,32.006851947352466,1.0941178125707522,61.21495327102804,0.6498078255180592,31.775700934579437,7.476635514018691,5.326785703707343,25.233644859813083,16.55816715711847,12.229842645318394,0.06560417927838673,-0.7273392575372084,2.1800061859501145,-7.197712689916569,-3.626057600133359,20.753600535893717,42.67589591314005,0.920002398812125,1.2608439922647368,1.913799408770914,12.667164179104475,1.8753841603432235,6.348255857289153
NDX,ENV,VolMidxDIXMid(l1),VolMid,DIXMid,228,50,True,-1.3856106504818444,-4.5923106969879415,-10.098774011070477,-15.918673828914686,5.0,5.031184425993496,7.188584746446941,18.0,0.7554916170431691,38.392857142857146,22.321428571428573,13.839285714285715,4.910714285714286,38.392857142857146,22.321428571428573,13.839285714285715,4.910714285714286,67.41071428571429,50.44642857142857,18.303571428571427,5.357142857142857,15.616480656114938,30.697930369773747,0.8666029428194859,33.92857142857143,1.0545617000613219,45.982142857142854,8.035714285714286,6.095385130034644,18.303571428571427,21.775530141196494,9.90219207701628,0.861095281114558,0.6062832214108078,4.552891160035891,-7.9476453919848815,-2.7102710744650573,10.367521367521368,36.89868260999288,0.7020256210699355,0.9899413449811921,2.9411764705882355,14.834062913570184,4.530455804528114,8.157664895719549
NDX,ENV,VolMidxDIXHigh(l1),VolMid,DIXHigh,220,33,True,-2.0343169452976206,-5.036698139463489,-10.583633549187612,-28.559372098911297,8.0,5.328012587655828,7.878629120145702,16.0,1.9584528617937913,40.909090909090914,25.0,17.727272727272727,7.2727272727272725,40.909090909090914,25.0,17.727272727272727,7.2727272727272725,72.72727272727273,55.00000000000001,24.545454545454547,5.454545454545454,22.149768974011057,31.612245332295853,1.0087711855913408,50.90909090909091,1.016829026851656,42.27272727272727,6.363636363636363,5.20696859638339,21.818181818181817,19.854276994779767,9.448550871990074,0.6858270486758655,-3.0868943363179757,4.527789520551957,-9.858660534945427,-2.6182855820768847,4.045488311628016,44.277153948362546,0.8457036657910111,1.1325377840770616,0.5403248993674526,17.329579159675255,2.4353706801097204,7.839451975971994
NDX,ENV,VolHighxDIXLow(l1),VolHigh,DIXLow,143,30,True,-3.8053967444739767,-6.755671582094063,-10.75999421390723,-21.772479438129555,10.0,3.8090204369274128,7.25322144159708,14.0,2.0358478583021755,58.04195804195804,37.76223776223776,16.783216783216783,6.993006993006993,58.04195804195804,37.76223776223776,16.783216783216783,6.993006993006993,65.03496503496503,40.55944055944056,22.377622377622377,13.286713286713287,24.104228221575745,50.930760713213495,0.8740326455991356,32.86713286713287,0.5854307953767969,16.083916083916083,4.895104895104895,4.362383785617503,23.776223776223777,14.802377348397224,9.293685294993056,0.22238906921191437,-0.3824960038032284,5.875118522553341,-10.228879902790776,-4.859880555273111,22.61759581881533,52.89866760168303,0.7478962724209645,0.9724444303597475,0.0,12.978115542707434,2.3434871693652695,8.520966153186848
NDX,ENV,VolHighxDIXMid(l1),VolHigh,DIXMid,181,43,True,-3.2883679464507543,-8.09117559447165,-13.301100725387984,-22.41774356154339,8.0,4.306282156599939,8.129898307291139,12.0,2.3815989138247784,53.89221556886228,42.51497005988024,25.748502994011975,12.574850299401197,53.89221556886228,42.51497005988024,25.748502994011975,12.574850299401197,61.07784431137725,46.706586826347305,25.748502994011975,10.179640718562874,23.944752059718184,51.2421744069673,0.7649136152200582,33.532934131736525,0.6575550677786397,23.353293413173652,4.790419161676647,4.510715204771735,28.143712574850298,12.359143468388655,7.518174778507518,0.17939965879024855,-1.40876861433994,3.8033705599064866,-11.978787563689297,-5.3142379411871605,25.133196721311478,60.252303138938665,0.6794835760141079,1.027634910888671,0.5712671509281678,11.731914832972294,0.5813887168712029,8.896468391342832
NDX,ENV,VolHighxDIXHigh(l1),VolHigh,DIXHigh,214,24,True,-3.33141338564934,-8.20123277229633,-11.815182092121916,-23.528614661908843,5.0,6.042107630606585,9.448280724311175,17.0,1.5728838195186556,52.80373831775701,39.719626168224295,25.70093457943925,9.345794392523365,52.80373831775701,39.719626168224295,25.70093457943925,9.345794392523365,72.42990654205607,60.280373831775705,35.046728971962615,11.214953271028037,26.437572810873597,37.7909856493857,0.7947045888734555,21.49532710280374,0.7007564177317247,21.962616822429908,0.46728971962616817,6.120047347559485,27.102803738317753,12.193288835527124,8.463686739680266,0.5701942211661111,-0.906483293411435,6.282510326199921,-10.636445343219869,-3.3450704225352013,14.432525308813968,61.32866420628834,0.6298710673995724,0.9151751571026768,0.0,2.112676056338028,1.2278623035920013,9.76898837511008
SPX,ENV,LowCorr,LowCorr,,712,38,True,-1.844100914361746,-3.451794333996727,-5.178100703289845,-10.03540285151262,8.0,2.4715041557583195,3.57935155003265,16.0,0.8841445728253516,29.232995658465992,10.998552821997105,1.7366136034732274,0.0,29.232995658465992,10.998552821997105,1.7366136034732274,0.0,38.92908827785818,8.5383502170767,0.5788712011577424,0.0,12.282069203180935,17.956380711247956,1.157169762059816,66.71490593342982,0.6185220362642542,38.35021707670043,3.762662807525326,4.3104706959432555,11.432706222865413,28.970439813027056,19.312100271913636,0.35606265314571783,0.05850924643593838,1.5378429095365407,-4.488568247172342,-2.5965413529825097,4.269736956685805,20.206778892020637,1.061369305444826,1.2606408807070513,0.9126407274526784,7.96582061548007,3.494948179563753,4.9534003021599
SPX,ENV,MidCorr,MidCorr,,401,51,True,-1.4004695906677744,-3.4731659127556047,-6.959694717391129,-12.423818941390563,8.0,3.1156361616952566,5.113975144478444,18.0,0.6113219005722259,30.92269326683292,17.206982543640898,7.73067331670823,0.4987531172069825,30.92269326683292,17.206982543640898,7.73067331670823,0.4987531172069825,51.3715710723192,25.6857855361596,3.4912718204488775,0.4987531172069825,12.609115937369662,22.607109559622618,0.9047779302563366,40.14962593516209,0.9485060925929304,41.14713216957606,5.985037406483791,6.260280738514835,8.728179551122196,28.79217478000069,14.368446327123586,0.5738243715509407,0.08828083542715774,2.6500305478693345,-5.2950056429579195,-2.3323187316985816,6.999650863210614,28.68449656750572,0.7749910895220256,1.0302888560298258,1.4416607648725213,12.089768339768328,4.715512534726285,7.400822181371859
SPX,ENV,HighCorr,HighCorr,,314,14,True,-2.067419751266708,-5.507359600952938,-9.828671724241532,-13.724680366652297,6.0,4.777135721049208,7.165192419159316,17.0,1.2353946830920393,40.12738853503185,27.70700636942675,17.51592356687898,3.1847133757961785,40.12738853503185,27.70700636942675,17.51592356687898,3.1847133757961785,67.19745222929936,46.81528662420382,19.10828025477707,2.8662420382165608,18.73420186360631,30.319533584579613,0.8191198438186433,25.477707006369428,0.6896776404637027,31.528662420382165,1.910828025477707,4.73652863555564,19.426751592356688,18.15752143417274,10.174314780842565,0.6113226708387474,0.660283321111686,3.942878277520856,-7.00900259323034,-2.4402901459086745,11.109929078014185,37.176102909944,0.6539182012570937,0.9216361866474343,0.0,3.8127942382669833,3.3494369875438217,7.767990943794994
SPX,ENV,LowCorrxDIXLow(l1),LowCorr,DIXLow,292,42,True,-1.8760978502290193,-3.531750958102581,-4.987531865078254,-10.03540285151262,8.0,2.3968377568227117,3.4471538026297988,13.0,1.3662299058306404,30.584192439862544,9.621993127147768,1.3745704467353952,0.0,30.584192439862544,9.621993127147768,1.3745704467353952,0.0,33.67697594501718,5.498281786941581,0.3436426116838488,0.0,12.721276053130547,16.33457719897629,1.1254901076396524,61.512027491408936,0.574839487653897,30.240549828178693,3.7800687285223367,4.111780144633833,10.309278350515463,28.31456724619241,20.049997214089178,0.19178575920232996,-0.3912562455589129,1.3178967019836705,-4.634361321524894,-2.5684143299617213,3.809394409937888,17.959622489032547,0.999021407201546,1.253438106860137,1.311261814492444,8.662273194111602,3.2067915580783404,4.99724790906266
SPX,ENV,LowCorrxDIXMid(l1),LowCorr,DIXMid,275,65,True,-1.8875853171711698,-3.193316024516324,-5.234806077358572,-9.659564483462956,8.0,2.5360846840424722,3.7043817811953983,17.0,0.5863571242123777,26.666666666666668,10.588235294117647,2.7450980392156863,0.0,26.666666666666668,10.588235294117647,2.7450980392156863,0.0,42.745098039215684,11.372549019607844,1.1764705882352942,0.0,12.160927766150795,18.95326793734572,1.2603698091065128,74.90196078431373,0.6634717443077591,43.92156862745098,4.313725490196078,4.330414863154525,14.50980392156863,31.315409822348077,19.102904390769513,0.5261698389948182,0.31504073429057755,1.9731788630989564,-4.093831851363383,-2.4680480328377774,4.090866846907739,19.27358235823582,1.0978538616160387,1.3568038072251731,0.8062903225806451,8.935830002103929,3.447506528643549,5.244009698229462
SPX,ENV,LowCorrxDIXHigh(l1),LowCorr,DIXHigh,144,27,True,-1.2154755224310976,-3.533165634638802,-6.047995550920124,-8.405607875457532,8.0,2.632409381615275,3.7985274477010442,17.0,0.6933600245452642,31.25,14.583333333333334,0.6944444444444444,0.0,31.25,14.583333333333334,0.6944444444444444,0.0,42.36111111111111,9.722222222222223,0.0,0.0,11.103448102535213,18.34805677256235,1.10849071220749,62.5,0.5998908912319171,45.13888888888889,2.7777777777777777,4.4932582846141,8.333333333333332,28.30323011737973,16.534403697566592,0.4793983098542066,-0.3802903127166249,2.4286999068378408,-5.633678379241325,-1.5151087552832407,1.6659836065573772,30.19238923044306,0.870894679265418,1.2878572121732623,0.0,9.60096385542168,2.7451001809715265,5.499181256543675
SPX,ENV,MidCorrxDIXLow(l1),MidCorr,DIXLow,82,21,True,-1.8478367189433298,-3.520312429836667,-4.388384997693229,-12.158405726129995,7.5,3.2136419527391435,5.722337565067187,19.0,0.4087563489673878,34.146341463414636,8.536585365853659,7.317073170731707,1.2195121951219512,34.146341463414636,8.536585365853659,7.317073170731707,1.2195121951219512,52.4390243902439,31.70731707317073,10.975609756097562,2.4390243902439024,14.101711144001793,18.420214262756836,0.988565224684205,48.78048780487805,0.7270062915232992,40.243902439024396,15.853658536585366,6.4818474669736,8.536585365853659,28.40656958525688,22.78742636586475,0.5619391661062483,-0.278025475325001,5.2646603331224515,-7.674244979591283,-1.5810473892884829,0.0,27.72970297029699,0.7664682217669343,1.1124656254455634,0.0,41.18479467258597,4.641067613140184,8.784566371320532
SPX,ENV,MidCorrxDIXMid(l1),MidCorr,DIXMid,159,38,True,-1.1507562435210228,-3.165740347993684,-5.812532423430953,-12.423818941390563,8.0,2.5873930804565903,4.927197717330367,19.0,0.4302153508626505,25.78616352201258,16.352201257861633,6.918238993710692,0.628930817610063,25.78616352201258,16.352201257861633,6.918238993710692,0.628930817610063,45.28301886792453,23.89937106918239,1.8867924528301887,0.0,10.615013499523414,16.372597685166163,0.746722506960764,33.33333333333333,1.0470532784811428,39.62264150943396,1.8867924528301887,6.786579397088953,6.289308176100629,31.588187598321475,17.204205106347292,0.7216276962039573,-0.14538645232590292,3.1173252241298597,-5.238865957716987,-1.4109716241123893,4.097942455670792,30.981243372216316,0.6550420586137377,0.9977346292236204,0.0,5.333333333333333,4.8701980033736705,8.742283033071761
SPX,ENV,MidCorrxDIXHigh(l1),MidCorr,DIXHigh,160,33,True,-1.8010332886714109,-4.455455016223937,-7.697551889467952,-11.275251942130094,9.0,3.644737358217509,4.988174824598401,16.0,1.2031936648533414,34.375,22.5,8.75,0.0,34.375,22.5,8.75,0.0,56.875,24.375,1.25,0.0,14.356603257268356,24.01331236821698,0.938915729123486,42.5,0.9631082841922708,43.125,5.0,5.476264911777221,11.25,22.44439673071853,12.991143344785156,0.3417926031670845,-1.1433248844535913,2.5489634031492634,-6.946502567730272,-2.1226053797362283,5.607289719626168,37.85157402852926,0.7854178047130455,1.0784070646416233,0.8819158278727287,12.048712089738261,3.4001397819840355,6.971318202381163
SPX,ENV,HighCorrxDIXLow(l1),HighCorr,DIXLow,18,6,False,,,,,,,,,,,,,,,,,,,,,,,,,,,,,,,,,,,,,,,,,,,,,
SPX,ENV,HighCorrxDIXMid(l1),HighCorr,DIXMid,87,19,True,-1.7246402964115948,-3.85338429566634,-6.845356129335268,-12.052707819031106,6.0,5.550681990666684,8.578736122219567,18.0,1.1122564987008587,31.03448275862069,19.54022988505747,8.045977011494253,1.1494252873563218,31.03448275862069,19.54022988505747,8.045977011494253,1.1494252873563218,70.11494252873564,50.57471264367817,31.03448275862069,6.896551724137931,18.750686428554616,33.00915675997435,0.9205255245175247,33.33333333333333,0.4900555845157389,32.18390804597701,1.1494252873563218,4.029423351457197,16.091954022988507,25.951213875154817,14.60844375524268,0.9806587268416272,1.265049244080882,5.82161965664176,-6.664729470564302,-2.240994974169086,6.185567010309279,39.705882352941174,0.6901585802570898,1.0046422546024012,0.0,3.572504302925984,3.185307016801513,5.927977102723041
SPX,ENV,HighCorrxDIXHigh(l1),HighCorr,DIXHigh,209,22,True,-2.4742877883974,-6.932683575596032,-10.24885176254913,-13.724680366652297,6.0,4.775125965114224,6.517262536132473,16.0,1.57536131811613,45.933014354066984,32.535885167464116,22.00956937799043,3.827751196172249,45.933014354066984,32.535885167464116,22.00956937799043,3.827751196172249,66.50717703349282,45.45454545454545,12.440191387559809,1.4354066985645932,18.780315154735174,29.347325638247312,0.8002035609992634,23.444976076555022,0.7374695116754175,32.057416267942585,1.9138755980861244,5.09185602303797,21.5311004784689,14.424428709253844,9.757190592356432,0.47276093965033966,-1.150178872965901,3.2328756136360512,-9.268990033888846,-3.51238197730261,14.811676082862524,49.515637082223556,0.6817904936595224,0.9548715680999269,0.0,5.036040934694104,2.3409156060763365,7.266180996407066
SPX,ENV,VolLowxDIXLow(l1),VolLow,DIXLow,144,26,True,-1.7681415272059853,-3.635515236992823,-4.646892187684165,-10.03540285151262,7.0,2.547516590686205,3.5070365307380835,15.0,1.2992294008843996,34.02777777777778,4.861111111111112,0.6944444444444444,0.0,34.02777777777778,4.861111111111112,0.6944444444444444,0.0,38.19444444444444,6.944444444444445,0.0,0.0,12.702354541695469,15.54924673514988,1.3338844535390493,77.08333333333334,0.5898065709657178,42.36111111111111,3.4722222222222223,3.468989673602467,11.11111111111111,27.506417517511675,21.519759004745968,0.20360350990612566,-0.25216018139131174,1.6769988840955792,-4.546093876616275,-1.844100914361746,0.0,9.248618573502077,1.157984744102635,1.6212815236134204,0.9891560584629892,6.207003641036624,2.577313120117644,4.517920951642051
SPX,ENV,VolLowxDIXMid(l1),VolLow,DIXMid,249,51,True,-1.9214317123846247,-2.9109235354608964,-4.371011374402091,-9.659564483462956,8.0,2.4105109309939365,3.523809459497207,18.0,0.5077898057901931,23.868312757201647,7.4074074074074066,0.411522633744856,0.0,23.868312757201647,7.4074074074074066,0.411522633744856,0.0,38.2716049382716,6.172839506172839,1.2345679012345678,0.0,11.72794036779671,15.945951332800423,1.2206088991311743,76.13168724279835,0.5492099336107186,38.68312757201646,2.4691358024691357,4.119255223221328,8.23045267489712,34.35335857565447,22.878000406411427,0.5539376745401867,0.3874875366755408,2.0994053930423378,-3.7680963136241474,-2.3336285285789127,1.486851163431089,15.162857787519338,1.068282601705056,1.3235625030560836,0.0,6.025933000293849,3.5210029648953753,5.0820946720993
SPX,ENV,VolLowxDIXHigh(l1),VolLow,DIXHigh,149,27,True,-0.9198685824658437,-2.495334737283883,-4.46672768310078,-8.405607875457532,5.0,3.1292237174590065,4.135088945189214,19.0,0.3630547565349307,20.80536912751678,7.38255033557047,0.6711409395973155,0.0,20.80536912751678,7.38255033557047,0.6711409395973155,0.0,51.006711409395976,18.120805369127517,0.6711409395973155,0.0,10.587826603113072,16.3508996234537,1.085282561781171,59.06040268456376,0.6348178950942046,52.348993288590606,6.0402684563758395,5.1019174481619896,7.38255033557047,40.0747837578087,22.387753875915823,0.9892599206767954,0.6378722331581467,3.1453072950142413,-4.3907527918125915,-1.1992089942445294,0.640923566878981,20.0,0.8605597780470028,1.2470885345970983,0.625,14.42413522012578,3.152853711344918,5.8126962458140214
SPX,ENV,VolMidxDIXLow(l1),VolMid,DIXLow,183,35,True,-1.8630570652400702,-3.3813986999923715,-5.026037029600632,-9.8235526604461,8.0,2.6554304813633522,3.9976300882384685,15.0,1.0247194024696427,28.021978021978022,10.989010989010989,1.6483516483516485,0.0,28.021978021978022,10.989010989010989,1.6483516483516485,0.0,40.65934065934066,15.384615384615385,4.395604395604396,0.0,12.816766252843564,18.14422198429212,1.0270833654656575,52.74725274725275,0.6905922608683772,28.021978021978022,7.6923076923076925,5.41433484875049,7.6923076923076925,29.573560787204894,19.896391413563855,0.35402248828184796,0.18420912361313668,2.3132207355884202,-4.461519560267082,-2.5595994752209195,3.5709002535925616,22.30550175244418,0.9219484892184908,1.1259244156360961,1.2093159619586171,19.187164579606435,4.5575371521877255,6.151554811506413
SPX,ENV,VolMidxDIXMid(l1),VolMid,DIXMid,179,44,True,-1.1214810478130777,-4.696544259658852,-8.154624655294944,-12.423818941390563,6.0,3.242945664976693,5.271136994451542,19.0,0.49151820338071417,30.909090909090907,23.636363636363637,11.515151515151516,0.6060606060606061,30.909090909090907,23.636363636363637,11.515151515151516,0.6060606060606061,53.333333333333336,32.121212121212125,2.4242424242424243,0.0,11.144121245458118,20.258301892010316,0.7976902948897845,36.36363636363637,1.1089170339739165,52.121212121212125,4.848484848484849,6.65914989034307,17.575757575757574,21.292251168365187,12.262980115837484,0.558314705687112,-0.43370521056865374,3.3537125954639704,-7.755194939383168,-1.345550771783623,7.8431372549019605,41.26043599257884,0.656830471305455,1.0902352665654265,0.5524861878453039,11.18445600942655,4.676820295663167,8.172759857247046
SPX,ENV,VolMidxDIXHigh(l1),VolMid,DIXHigh,163,25,True,-1.7394840841555737,-4.587480991945158,-8.471771708955341,-12.801483219160836,8.0,3.72837200969669,4.966324571958635,15.0,1.6968954011115311,34.96932515337423,23.31288343558282,11.65644171779141,0.6134969325153374,34.96932515337423,23.31288343558282,11.65644171779141,0.6134969325153374,58.895705521472394,23.92638036809816,1.2269938650306749,0.0,15.326228254391182,23.330650748117613,0.9028226553067297,36.809815950920246,0.9943106613889554,38.65030674846626,3.067484662576687,5.1242898792341816,10.429447852760736,21.798455443321316,11.803906365216616,0.3104155204944337,-1.8193761763791823,2.392504037090734,-8.324590602651028,-1.683031573567284,7.923971036585366,41.08636534133533,0.6919692199131923,1.0577913129605452,0.0,8.209210795338375,3.198367059565655,7.744348674224073
SPX,ENV,VolHighxDIXLow(l1),VolHigh,DIXLow,65,13,True,-2.138449412305321,-3.5154696898448745,-10.131117917142307,-12.197204355357872,10.0,2.555242059975904,3.561094434823442,17.0,0.7648653047815035,30.76923076923077,15.384615384615385,12.307692307692308,3.076923076923077,30.76923076923077,15.384615384615385,12.307692307692308,3.076923076923077,35.38461538461539,18.461538461538463,13.846153846153847,3.076923076923077,12.97536158003066,30.327676402998225,0.8206983472421425,21.53846153846154,0.743989318467082,20.0,9.230769230769232,5.03970484861275,13.846153846153847,28.44570109333318,9.870579023741843,0.3854581675480782,-1.8444876753728967,4.777971579348913,-10.896353708108697,-2.0565583844906365,0.0,46.15384615384615,0.7070853972019927,1.3984795363098852,0.0,22.5,3.167423345337708,10.07031177560956
SPX,ENV,VolHighxDIXMid(l1),VolHigh,DIXMid,93,24,True,-1.7172859119488848,-3.513466706145918,-6.388278919372099,-12.052707819031106,7.0,4.294955122976196,8.324708201620634,16.0,1.0990836787178937,29.03225806451613,13.978494623655912,5.376344086021505,1.0752688172043012,29.03225806451613,13.978494623655912,5.376344086021505,1.0752688172043012,65.59139784946237,46.236559139784944,27.956989247311824,6.451612903225806,17.88349621401483,30.39735048773328,0.7764032668553585,30.107526881720432,0.47532075771438886,24.731182795698924,1.0752688172043012,4.079137662606961,12.903225806451612,28.461917633964024,15.653668423392658,0.8452977163101808,1.5222839708959925,5.234509036827896,-5.470850539857142,-2.2234117809114995,4.2545699730296676,27.908227056764183,0.6581695062313689,0.9879194887707259,0.0,3.4490254872563675,3.3494369875438217,7.5239535829153645
SPX,ENV,VolHighxDIXHigh(l1),VolHigh,DIXHigh,201,20,True,-3.2890609673454363,-7.167619316811569,-10.180958906900184,-13.724680366652297,8.0,3.9956577880788657,6.384760917079069,15.0,1.9868354694214219,53.73134328358209,37.81094527363184,20.398009950248756,3.482587064676617,53.73134328358209,37.81094527363184,20.398009950248756,3.482587064676617,59.20398009950249,40.79601990049751,12.437810945273633,1.4925373134328357,20.19987979188395,29.3640005532411,0.8308669427138196,29.35323383084577,0.6922436319980688,29.850746268656714,0.9950248756218906,4.419498715636454,23.383084577114428,13.951633810329623,9.822257501916113,0.27108220115164994,-1.2260871526505688,2.267779796800934,-9.229479787778228,-4.452464316538647,22.646713615023476,52.38095238095238,0.6807961191721221,0.9952487289525523,0.0,2.2099447513812156,1.7706899998275176,7.012648993023762
IWM,ENV,LowCorr,LowCorr,,574,49,True,-3.5689309753071274,-6.677549200976863,-8.85558966383772,-15.548002469347754,13.0,2.666353203738603,5.511086935342191,9.0,3.048829139571363,56.41952983725136,39.42133815551537,16.455696202531644,2.3508137432188065,56.41952983725136,39.42133815551537,16.455696202531644,2.3508137432188065,44.846292947558766,27.124773960217,11.39240506329114,0.5424954792043399,19.882237696425157,25.636233142513102,1.168078012645252,77.21518987341773,0.7903018439665519,40.3254972875226,7.414104882459313,2.951335377085229,15.551537070524413,14.975554202636342,11.292302804900212,-0.08369763260802766,-2.264875988267457,1.2178820136945894,-8.384580101351546,-4.681902079265604,22.934735431038458,53.912373996741366,1.111246161141352,1.261772773593338,2.767463907357967,14.018812568638296,1.8780288359735984,4.174429155975326
IWM,ENV,MidCorr,MidCorr,,560,68,True,-2.5471940105167237,-4.7547061915422155,-8.762655331141247,-16.29798456481957,8.0,3.91989177861779,6.696610669777403,14.5,2.131300060918928,42.5,23.214285714285715,12.142857142857142,4.107142857142857,42.5,23.214285714285715,12.142857142857142,4.107142857142857,61.25000000000001,38.75,15.0,4.642857142857143,19.457882478344338,28.182986568572254,0.9189140709912793,39.464285714285715,0.685115762125922,28.214285714285715,2.6785714285714284,5.517581965820129,16.071428571428573,21.031793757915555,11.412065888819573,0.3700369277723182,0.19434525546190945,2.855665326451944,-6.491950196837064,-3.744472900115449,14.3452836066038,32.23017085333658,0.8460569046729506,1.0107998428589933,0.8358785483291412,5.133388198467177,4.479910498252172,6.672252411424068
IWM,ENV,HighCorr,HighCorr,,293,23,True,-2.486395145989184,-5.447765214498334,-9.980463436946415,-14.96667274013701,6.0,4.769077230606289,8.44112301941291,13.0,2.265883539308989,43.344709897610926,26.96245733788396,16.38225255972696,5.460750853242321,43.344709897610926,26.96245733788396,16.38225255972696,5.460750853242321,67.23549488054607,48.80546075085324,27.986348122866893,5.460750853242321,21.66174070181992,32.822543364661165,0.8032822122522746,22.525597269624573,0.6631761822031351,20.13651877133106,0.6825938566552902,5.597816060987128,17.747440273037544,18.356150836652503,10.019574805495768,0.40451040130274674,0.25726894623507307,4.522535633019202,-8.086157806627071,-2.8427000681203327,8.108108108108109,38.32407618613137,0.7170148740101453,0.8918596160425721,0.0,2.459781647506968,3.723599969145269,7.265837055743302
IWM,ENV,LowCorrxDIXLow(l1),LowCorr,DIXLow,185,43,True,-4.15777129151973,-6.205668134979003,-7.971139315070792,-12.729831597674291,12.0,3.233129669824697,5.168682276897951,10.0,2.9542322542881037,64.32432432432432,40.54054054054054,9.72972972972973,1.6216216216216217,64.32432432432432,40.54054054054054,9.72972972972973,1.6216216216216217,51.35135135135135,25.405405405405407,11.891891891891893,0.5405405405405406,20.664223256276,26.252544697099378,1.1949917593169004,76.75675675675676,0.5719970311806083,29.18918918918919,5.405405405405405,2.1997634134425432,11.351351351351353,16.11430031785584,12.545258092645932,-0.02556366445216558,-1.6363199210017088,1.6863704073518049,-7.236904904582153,-4.969524124982128,25.169747144140675,54.74577542245775,1.0571588675351842,1.3907549129709795,1.4774720653610476,11.046374271234216,1.649664866015809,3.4170586942951253
IWM,ENV,LowCorrxDIXMid(l1),LowCorr,DIXMid,234,58,True,-3.3889406030501723,-6.962481139110058,-10.83735671155977,-15.548002469347754,12.5,2.477629829150829,6.332229059680866,8.0,3.365218077731713,53.41880341880342,41.02564102564102,20.51282051282051,4.273504273504273,53.41880341880342,41.02564102564102,20.51282051282051,4.273504273504273,43.162393162393165,32.9059829059829,14.529914529914532,0.8547008547008548,19.915451159669963,25.635147079168316,1.1802234273239285,79.91452991452992,0.998960716007307,52.991452991452995,12.82051282051282,2.555454515853617,23.504273504273502,14.362695999027434,9.227342299560375,-0.09900474942146505,-2.7148105046192836,0.8142505562301747,-10.196554577515936,-5.104427476506237,26.53556910569106,57.25582107843137,1.1115157465941548,1.2824910339795819,5.50447247706422,22.079252714498608,1.5818851491823631,3.7347054734899374
IWM,ENV,LowCorrxDIXHigh(l1),LowCorr,DIXHigh,154,35,True,-3.0277504048004444,-6.5679170006806675,-8.517702010457736,-11.284176582523608,14.0,2.4038531562682985,4.319275100233,7.0,2.8308328801991745,51.127819548872175,35.338345864661655,18.796992481203006,0.0,51.127819548872175,35.338345864661655,18.796992481203006,0.0,38.34586466165413,18.796992481203006,4.511278195488721,0.0,18.765936739539352,24.728927247906753,1.1326576996812796,72.93233082706767,0.6992424389816346,33.08270676691729,0.7518796992481203,4.972399380238656,7.518796992481203,15.225527361206982,11.740255749405591,-0.13288270576085642,-2.9033837913520517,0.8614488417030304,-8.403300937031878,-3.591473919869237,16.338675919806125,63.27265652023517,1.0878114570220194,1.2288501319484821,0.0,3.1746031746031744,2.484684275450614,6.406685204592897
IWM,ENV,MidCorrxDIXLow(l1),MidCorr,DIXLow,208,45,True,-2.2586575483682427,-3.916506680794987,-6.0309566709342,-10.07124746239062,9.0,3.4844644866580565,5.8761283847511505,14.0,2.1250136621454363,38.46153846153847,16.346153846153847,5.769230769230769,0.0,38.46153846153847,16.346153846153847,5.769230769230769,0.0,57.692307692307686,31.73076923076923,11.538461538461538,2.403846153846154,18.12104189749698,26.02980520464871,0.8401027994036196,30.288461538461537,0.5409732059870531,18.75,0.4807692307692308,5.867404688624207,14.423076923076922,25.532957850004646,16.581117301330224,0.3722132045114814,0.1327882806274522,3.2680073119579545,-5.1654894452099365,-2.8775958305792493,6.122165532879818,26.979665482873166,0.7480167464465161,0.9608254494601577,0.0,1.6129032258064515,4.561565273628776,7.238991057960154
IWM,ENV,MidCorrxDIXMid(l1),MidCorr,DIXMid,184,61,True,-2.3266100961069625,-5.279858356097572,-9.192822356726094,-14.746889887582848,6.0,4.48256931906309,7.522529944741535,16.0,1.89398157612779,40.21739130434783,26.6304347826087,15.217391304347828,3.804347826086957,40.21739130434783,26.6304347826087,15.217391304347828,3.804347826086957,64.67391304347827,42.934782608695656,21.73913043478261,6.521739130434782,20.27739243718142,28.401474256230177,0.9769796360686093,44.565217391304344,0.7092203292465572,36.41304347826087,3.804347826086957,4.804383023284483,21.73913043478261,18.939902030612732,10.878052040985345,0.469752590371763,0.7245272438712901,3.9391048412357894,-7.929235212464278,-3.2795510683378493,14.631929046563194,40.818645640074195,0.9068059644846965,1.0929032825380436,1.0151002409885659,7.567772317772317,3.533771199572765,6.201149316141549
IWM,ENV,MidCorrxDIXHigh(l1),MidCorr,DIXHigh,168,38,True,-3.0797421066064476,-5.243043899517346,-11.781509021392365,-16.29798456481957,8.0,4.012261524171357,6.641934287954848,13.0,2.347975187720086,50.0,27.976190476190478,16.666666666666664,9.523809523809524,50.0,27.976190476190478,16.666666666666664,9.523809523809524,61.904761904761905,42.857142857142854,11.904761904761903,5.357142857142857,21.410510291442666,30.24386121730197,0.9723345217452479,45.23809523809524,0.7505317691329777,30.952380952380953,4.166666666666666,6.127711594941495,11.904761904761903,19.072890083793805,8.487877046855733,0.2898328148354798,-2.1496263944364937,3.0993288860640007,-11.608625709093989,-4.126839641859144,14.893071467539553,46.0886287625418,0.857483340082976,1.0599895374098933,0.0,10.0,3.7174381313078726,7.580766141720672
IWM,ENV,HighCorrxDIXLow(l1),HighCorr,DIXLow,40,12,False,,,,,,,,,,,,,,,,,,,,,,,,,,,,,,,,,,,,,,,,,,,,,
IWM,ENV,HighCorrxDIXMid(l1),HighCorr,DIXMid,166,36,True,-2.4952291003294103,-4.871692023144828,-9.28503257260732,-14.08962514210681,6.0,4.6988428037166745,7.844935266349612,13.0,1.9469106188575835,43.97590361445783,23.49397590361446,15.060240963855422,4.216867469879518,43.97590361445783,23.49397590361446,15.060240963855422,4.216867469879518,65.66265060240963,46.3855421686747,24.096385542168676,6.626506024096386,21.917302642916468,32.04135579022177,0.7908364824003229,25.301204819277107,0.6657539219638369,21.084337349397593,1.2048192771084338,5.891077667269583,16.265060240963855,20.526749130468826,10.770021453130896,0.48822745954310237,0.6327783452591855,4.518192547427227,-8.367812442170775,-3.2539273674333833,8.129954268292684,37.41548927263212,0.7019808607554374,0.9308656222321537,0.0,3.3333333333333335,4.722689761997849,7.927914439782494
IWM,ENV,HighCorrxDIXHigh(l1),HighCorr,DIXHigh,87,22,True,-3.0156086428479334,-7.773163837993802,-10.85643591223343,-14.96667274013701,8.0,5.710520045333833,8.574092195483352,13.0,3.277638346853895,50.57471264367817,39.08045977011494,22.988505747126435,8.045977011494253,50.57471264367817,39.08045977011494,22.988505747126435,8.045977011494253,68.96551724137932,52.87356321839081,31.03448275862069,2.2988505747126435,21.83607223777586,36.26597658180412,0.8381511868639746,24.137931034482758,0.6186460724293312,21.839080459770116,0.0,5.763544826842114,13.793103448275861,12.864774509346928,9.211126083037652,0.004101052573383736,-1.726100966289874,4.837647079274541,-10.024115708832671,-2.677950618241831,10.958369006849315,57.51648446989415,0.7044044455917351,0.953684968618342,0.0,0.0,2.951759329124336,8.614806318371258
IWM,ENV,VolLowxDIXLow(l1),VolLow,DIXLow,165,33,True,-3.746048452608197,-5.963813785831562,-7.646049794238126,-12.511582625442541,11.0,2.5108848200930733,4.694415170795474,9.0,2.9542322542881037,58.78787878787879,32.72727272727273,8.484848484848486,0.6060606060606061,58.78787878787879,32.72727272727273,8.484848484848486,0.6060606060606061,44.84848484848485,22.424242424242426,8.484848484848486,0.0,19.664695810500397,25.84807200553093,1.2392364955998798,78.78787878787878,0.5409348550919159,27.878787878787882,4.848484848484849,2.292854186301838,16.363636363636363,16.767793829776082,13.078648804426768,-0.09971210673309451,-1.7005570114554773,1.3508013613445804,-7.249305134608086,-4.315485212999449,16.54485823106221,49.645866057403964,1.0777549008966039,1.4238190010695218,0.5881492948056416,11.11111111111111,1.4697390308055127,4.586857955645645
IWM,ENV,VolLowxDIXMid(l1),VolLow,DIXMid,227,51,True,-2.764325533182155,-6.27401153338748,-9.422612092992193,-12.81193091242775,10.0,2.695855786180479,7.266588253548678,8.0,3.1154875242622726,47.136563876651984,37.00440528634361,15.859030837004406,2.2026431718061676,47.136563876651984,37.00440528634361,15.859030837004406,2.2026431718061676,47.136563876651984,37.44493392070485,20.704845814977972,2.643171806167401,19.330783165411738,26.185418517611268,1.2045776435741276,79.29515418502203,1.0213745633683362,53.74449339207048,11.45374449339207,2.698687918478221,28.634361233480178,15.938765727134033,10.612768414224782,0.026627831636075346,-1.9644432656396245,2.1934332995569052,-8.830615640579909,-4.024693629654909,20.647451963241437,56.77114592603322,1.1115157465941548,1.304320348559409,4.522047738693467,18.812895633825672,1.4201708486731803,4.2451115553970835
IWM,ENV,VolLowxDIXHigh(l1),VolLow,DIXHigh,112,23,True,-2.374907507237589,-5.173934669160502,-7.6906407033619395,-10.360940150230192,10.0,2.8064984564365014,4.775309070857336,9.0,2.9424330640765883,37.362637362637365,26.373626373626376,9.89010989010989,0.0,37.362637362637365,26.373626373626376,9.89010989010989,0.0,47.25274725274725,24.175824175824175,4.395604395604396,0.0,18.553534382539365,22.757662652297686,1.165401425315813,81.31868131868131,0.5338973721948298,27.472527472527474,1.098901098901099,4.267973805461764,7.6923076923076925,19.327650307618885,13.00281782196447,0.03308987169144757,-1.8033775170257473,1.1536029240335757,-7.618141182478855,-2.739765937422023,11.023455224876551,51.66964285714284,1.0890192370742664,1.282107800939447,0.0,4.256079027355619,2.360095190449357,6.106699554878514
IWM,ENV,VolMidxDIXLow(l1),VolMid,DIXLow,204,38,True,-2.419403332020403,-4.13924104637198,-6.210053816743859,-12.729831597674291,9.0,3.9641508559968397,6.775850913416654,15.0,2.1048046733512016,40.19607843137255,20.098039215686274,3.9215686274509802,0.9803921568627451,40.19607843137255,20.098039215686274,3.9215686274509802,0.9803921568627451,63.23529411764706,38.23529411764706,17.647058823529413,1.4705882352941175,18.66193285290658,28.289338955898998,0.8893760621623179,36.76470588235294,0.45328326275596126,20.588235294117645,1.4705882352941175,5.219318625221295,14.705882352941178,24.159018254723144,16.10292003112356,0.5076849351414938,0.8010143917282131,3.5362032148729763,-5.847786183362203,-3.0674257951377015,8.887755102040817,32.11206047958419,0.8050447805815948,1.0134168424466299,0.0,3.5175879396984926,3.458387961730383,6.675936555153328
IWM,ENV,VolMidxDIXMid(l1),VolMid,DIXMid,220,72,True,-2.9125796995793096,-6.660210126499566,-11.065230375683617,-15.548002469347754,8.0,3.6839537048615645,6.4123506078374914,14.0,2.2686957472485947,47.72727272727273,30.0,20.909090909090907,5.454545454545454,47.72727272727273,30.0,20.909090909090907,5.454545454545454,61.36363636363637,37.72727272727273,15.909090909090908,4.090909090909091,20.48054028450506,30.60239006359968,0.9836173880874236,47.72727272727273,0.8644502276370358,39.09090909090909,5.0,4.6988777671712825,17.727272727272727,15.014541298347506,9.037317489544083,0.2537307839069454,-1.0178457703005,2.8905991036726464,-9.432303076990179,-3.5449561124384448,15.685531788472964,45.23826677645122,0.8939091980432359,1.1314305266966669,1.3391369047619046,9.388355342136853,3.1959062718470257,5.870341177348225
IWM,ENV,VolMidxDIXHigh(l1),VolMid,DIXHigh,189,44,True,-3.456000931148606,-7.525180117476937,-11.091433034762108,-15.682285858779032,11.0,3.1943027949870473,5.836904529306186,12.0,2.5253416569588127,54.4973544973545,33.33333333333333,23.28042328042328,7.4074074074074066,54.4973544973545,33.33333333333333,23.28042328042328,7.4074074074074066,53.43915343915344,34.39153439153439,5.82010582010582,2.1164021164021163,21.33482932545247,31.485975457648262,0.996721416322036,49.2063492063492,0.7310644184428459,30.687830687830687,2.6455026455026456,6.1391208158687185,12.16931216931217,13.28871846771533,9.015967520751012,0.057125630711664675,-2.481542631722495,2.281376664378985,-10.422659393855739,-4.03442368525908,13.811238583831322,52.8920977011494,0.8491193982994344,1.1067603542405011,0.0,6.153846153846154,3.794134326808096,7.3987372418494495
IWM,ENV,VolHighxDIXLow(l1),VolHigh,DIXLow,64,14,True,-2.4837148492065086,-5.57400143884603,-8.693929686005871,-12.941344139726418,6.0,3.6381427366039887,5.1558126761734435,12.0,2.0954715358360803,46.875,31.25,17.1875,3.125,46.875,31.25,17.1875,3.125,62.5,28.125,17.1875,9.375,18.67495691264824,22.33157647137569,0.6635662347153763,4.6875,1.0712805939345798,15.625,0.0,5.427208807228977,10.9375,17.940433115622362,11.502278441584863,0.2704697764029959,-1.9849900912657519,6.058979635286902,-8.464844971780538,-1.6165789646702122,9.090909090909092,49.440985929749964,0.5946064034691975,0.735554455614048,0.0,0.0,1.7496686884781933,8.608995154812144
IWM,ENV,VolHighxDIXMid(l1),VolHigh,DIXMid,137,32,True,-2.3127297457774088,-4.98607006706735,-8.630750622557231,-14.746889887582848,5.0,4.747303095773425,7.746816205939533,14.0,1.7647970502662202,43.79562043795621,24.817518248175183,13.86861313868613,5.109489051094891,43.79562043795621,24.817518248175183,13.86861313868613,5.109489051094891,63.503649635036496,47.44525547445255,23.357664233576642,7.2992700729927,22.25551146671549,31.050887536340912,0.731511174990937,18.97810218978102,0.5699994299801613,13.138686131386862,1.4598540145985401,6.514018991682686,13.138686131386862,20.055875399845085,11.58647774373658,0.4869916030577944,0.9872142821931778,4.339071894309274,-6.565624873457832,-3.445040301933874,12.666455696202531,37.190860846287485,0.6616279739889269,0.8827927950914062,0.0,4.285933391761612,3.89416746081033,8.469758182163613
IWM,ENV,VolHighxDIXHigh(l1),VolHigh,DIXHigh,108,27,True,-3.561041875041182,-6.672375843673822,-11.404372373725579,-16.29798456481957,9.5,5.812656877418942,9.124698777657182,13.0,3.202740893561351,54.629629629629626,37.96296296296296,18.51851851851852,8.333333333333332,54.629629629629626,37.96296296296296,18.51851851851852,8.333333333333332,65.74074074074075,51.85185185185185,35.18518518518518,6.481481481481481,23.154532441189417,34.79150460060753,0.8744254724056173,25.0,0.7415345091632722,29.629629629629626,1.8518518518518516,6.064943487337434,11.11111111111111,14.987165343033167,8.768566714849563,0.07535499957459484,-1.689892387284912,4.415630003797267,-10.850304761245122,-4.163013383505517,19.187327823691458,56.19000958104689,0.745363296140462,0.9748571557536847,0.0,4.9504950495049505,3.493550409322612,10.47074385242285
